-- DATOS --
INSERT INTO tb_tipo_persona (TbTP_ID_Tipo_Persona, TbTP_Tipo_Persona) VALUES
('TP-1', 'Estudiante'),
('TP-2', 'Profesor'),
('TP-3', 'Administrador');

INSERT INTO tb_tipo_documento (TbTD_ID_Tipo_Documento, TbTP_Tipo_Documento) VALUES
('TD-01', 'Tarjeta de Identidad'),
('TD-02', 'Cedula'),
('TD-03', 'Cedula Extranjera'),
('TD-04', 'Pasaporte'),
('TD-05', 'Registro  de Civil');

INSERT INTO tb_programa (TbPr_ID_Programa, TbPr_Nombre_Programa, TbPr_Duracion, TbPr_Costo) VALUES
('TPG-1', 'GOLD', '1_año', 280000),
('TPG-2', 'VIP', '1_año', 360000),
('TPG-3', 'SHORT', '6_meses', 600000);

INSERT INTO tb_personas (TbP_ID_Personas, TbP_Tipo_Personas, TbP_Tipo_Documento, TbP_Nombre, TbP_Apellido, TbP_Telefono, TbP_Direccion_Email, TbP_Direccion, TbP_Fecha_Nacimiento) VALUES
('2698437962','TP-1','TD-01','Angeli','Tampion','33572962723','AngeliTampion@gmail.com','Tranversal 67 #150-O 36Sur','2007-12-31'),
('1935812670','TP-1','TD-04','Quintus','Haggath','30370540698','QuintusHaggath@gmail.com','Tranversal 51 #18-F 61Sur','2005-02-23'),
('6196061724','TP-1','TD-03','Teddy','Cammack','33346851201','TeddyCammack@gmail.com','Tranversal 114 #118-A 72Sur','2013-08-12'),
('2207777371','TP-1','TD-02','Ethel','OScanlan','33716708163','EthelOScanlan@gmail.com','Carrera 163 #175-O 22Sur','2007-01-27'),
('6399833480','TP-1','TD-04','Selinda','Ellph','32179701751','SelindaEllph@gmail.com','Avenida 44 #108-Z 90Sur','2005-01-05'),
('4210191177','TP-1','TD-02','Maggie','Coenraets','37443498764','MaggieCoenraets@gmail.com','Calle 55 #122-S 80Sur','2002-04-16'),
('6630006744','TP-1','TD-03','Helen-elizabeth','Sullivan','31311013400','Helen-elizabethSullivan@gmail.com','Calle 186 #113-K 87Sur','2008-11-18'),
('6897717785','TP-1','TD-02','Jilly','Antal','31706636465','JillyAntal@gmail.com','Calle 133 #47-S 87Sur','2014-11-14'),
('9373225841','TP-1','TD-01','Murray','Choulerton','31782497522','MurrayChoulerton@gmail.com','Carrera 56 #115-Q 63Sur','2005-01-18'),
('1463196279','TP-1','TD-02','Ricoriki','Crump','35515675649','RicorikiCrump@gmail.com','Diagonal 169 #110-D 80Sur','2001-12-11'),
('9451578054','TP-1','TD-03','Marwin','Paroni','32782886821','MarwinParoni@gmail.com','Calle 141 #18-H 83Sur','2008-12-15'),
('5280155081','TP-1','TD-04','Hammad','Knifton','33352557302','HammadKnifton@gmail.com','Avenida 52 #132-O 85Sur','2011-06-14'),
('9911430125','TP-1','TD-01','Tam','Lynock','35320328994','TamLynock@gmail.com','Calle 24 #216-G 45Sur','2015-08-27'),
('8721643619','TP-1','TD-03','Maggie','Faughny','33401381262','MaggieFaughny@gmail.com','Tranversal 49 #71-C 94Sur','2014-04-20'),
('3571082349','TP-1','TD-04','Daisey','Wadly','36089183656','DaiseyWadly@gmail.com','Avenida 127 #139-R 69Sur','2000-01-10'),
('1168808556','TP-1','TD-02','Noe','Sharpling','35128752229','NoeSharpling@gmail.com','Calle 63 #2-A 7Sur','2007-05-03'),
('8182001430','TP-1','TD-04','Cullan','Joicey','37672739545','CullanJoicey@gmail.com','Diagonal 30 #43-T 37Sur','2014-09-01'),
('4051014783','TP-1','TD-01','Kienan','Annesley','34415144840','KienanAnnesley@gmail.com','Tranversal 88 #78-S 33Sur','2005-07-02'),
('5436382190','TP-1','TD-01','Arnaldo','Olifaunt','32394568191','ArnaldoOlifaunt@gmail.com','Diagonal 44 #153-D 18Sur','2012-08-03'),
('4934751268','TP-1','TD-04','Valera','Grout','33587256026','ValeraGrout@gmail.com','Tranversal 127 #190-Y 46Sur','2001-03-22'),
('6615672140','TP-1','TD-02','Killie','Carik','36908727077','KillieCarik@gmail.com','Calle 41 #192-T 70Sur','2006-02-06'),
('7638598330','TP-1','TD-02','Fraser','Remer','32929871934','FraserRemer@gmail.com','Carrera 174 #30-F 63Sur','2006-07-06'),
('6519334224','TP-1','TD-02','Sidney','Jedrzaszkiewicz','31397546528','SidneyJedrzaszkiewicz@gmail.com','Avenida 14 #74-R 85Sur','2009-06-29'),
('5866036357','TP-1','TD-02','Zorah','Bridgestock','34660787077','ZorahBridgestock@gmail.com','Tranversal 64 #174-R 84Sur','2008-05-25'),
('4854400432','TP-1','TD-04','Bartholomeo','Buston','35748289501','BartholomeoBuston@gmail.com','Avenida 82 #220-A 92Sur','2001-01-16'),
('8970401994','TP-1','TD-02','Ashia','Simkovich','34361089341','AshiaSimkovich@gmail.com','Avenida 53 #93-I 34Sur','2007-09-26'),
('3157307246','TP-1','TD-04','Padraig','Czapla','35870269625','PadraigCzapla@gmail.com','Tranversal 86 #167-U 94Sur','2002-08-25'),
('6729616235','TP-1','TD-02','Hayward','Hallaways','33551768440','HaywardHallaways@gmail.com','Diagonal 46 #5-S 68Sur','2013-01-29'),
('2910102363','TP-1','TD-01','Francesco','Children','37123011260','FrancescoChildren@gmail.com','Calle 136 #175-E 36Sur','2011-10-07'),
('9297152732','TP-1','TD-01','Virgie','Valente','34804628694','VirgieValente@gmail.com','Carrera 128 #78-C 67Sur','2001-10-01'),
('1601783884','TP-1','TD-01','Eartha','Biddlestone','33069488648','EarthaBiddlestone@gmail.com','Avenida 145 #80-H 27Sur','2007-06-07'),
('2020313863','TP-1','TD-03','Giusto','Strognell','34038960848','GiustoStrognell@gmail.com','Diagonal 133 #75-L 92Sur','2014-10-03'),
('7217187356','TP-1','TD-02','Any','Dible','36546577924','AnyDible@gmail.com','Calle 44 #94-V 54Sur','2007-11-21'),
('4978473074','TP-1','TD-02','Zackariah','Cristea','34510058870','ZackariahCristea@gmail.com','Diagonal 27 #51-L 25Sur','2009-06-29'),
('2413153872','TP-1','TD-02','Humphrey','Yoodall','34108722428','HumphreyYoodall@gmail.com','Carrera 129 #53-J 97Sur','2013-07-15'),
('9861972560','TP-1','TD-03','Sondra','Cornier','33514278121','SondraCornier@gmail.com','Calle 16 #15-C 95Sur','2008-03-22'),
('7847571760','TP-1','TD-03','Nolan','Tumielli','37029576164','NolanTumielli@gmail.com','Tranversal 155 #69-Z 55Sur','2004-04-28'),
('6187021958','TP-1','TD-02','Ernest','Mathely','35173936198','ErnestMathely@gmail.com','Carrera 71 #53-L 85Sur','2015-09-25'),
('8286764830','TP-1','TD-03','Noel','Lesslie','33907985901','NoelLesslie@gmail.com','Avenida 177 #46-P 47Sur','2010-12-20'),
('9331457337','TP-1','TD-04','Kinsley','Mellonby','31500053797','KinsleyMellonby@gmail.com','Avenida 100 #189-R 15Sur','2014-06-04'),
('5732400768','TP-1','TD-01','Rickert','Kivell','33899243052','RickertKivell@gmail.com','Tranversal 111 #91-F 82Sur','2000-09-23'),
('7267671915','TP-1','TD-01','Brian','Bettles','32367471756','BrianBettles@gmail.com','Carrera 204 #72-V 34Sur','2003-12-14'),
('6534496469','TP-1','TD-03','Kellen','Spataro','30261992653','KellenSpataro@gmail.com','Diagonal 11 #189-X 80Sur','2002-01-13'),
('9197249827','TP-1','TD-02','Charis','MacKean','32928828021','CharisMacKean@gmail.com','Carrera 84 #116-Y 48Sur','2008-12-26'),
('5827128673','TP-1','TD-01','Sherry','Thompson','33468541560','SherryThompson@gmail.com','Calle 136 #46-N 34Sur','2009-11-16'),
('3283624800','TP-1','TD-04','Alaster','Borell','31691328554','AlasterBorell@gmail.com','Avenida 31 #170-O 66Sur','2002-12-15'),
('3973625591','TP-1','TD-04','Lane','Salkeld','34707235666','LaneSalkeld@gmail.com','Tranversal 91 #168-V 72Sur','2002-08-25'),
('1313659169','TP-1','TD-03','Garwin','Biasini','30839196918','GarwinBiasini@gmail.com','Carrera 178 #37-L 61Sur','2013-07-03'),
('1947512118','TP-1','TD-02','Clemmy','Sturton','33208382800','ClemmySturton@gmail.com','Diagonal 158 #127-E 9Sur','2003-07-19'),
('4804075912','TP-1','TD-01','Darrel','Antonucci','31029806187','DarrelAntonucci@gmail.com','Tranversal 18 #64-K 23Sur','2008-06-07'),
('2579912663','TP-1','TD-02','William','Huyche','31185311332','WilliamHuyche@gmail.com','Calle 151 #165-Y 76Sur','2008-06-23'),
('5948490297','TP-1','TD-01','Vernen','Jugging','35853943293','VernenJugging@gmail.com','Avenida 173 #165-G 53Sur','2013-11-01'),
('1029141151','TP-1','TD-02','Juan','Cadena','3054394381','cadenaverajuandavid@gmail.com','Carrera 79 A #5-27Sur','2005-06-05'),
('8840573571','TP-1','TD-04','Fraser','Gonin','34989066091','FraserGonin@gmail.com','Carrera 103 #82-N 43Sur','2015-06-01'),
('2155498127','TP-1','TD-04','Joel','Cogzell','33991495851','JoelCogzell@gmail.com','Carrera 152 #39-L 69Sur','2012-11-01'),
('3171410301','TP-1','TD-04','Hammad','Jagg','35741125473','HammadJagg@gmail.com','Calle 36 #63-M 72Sur','2005-03-31'),
('2852645727','TP-1','TD-03','Beatrice','Foxten','33341924901','BeatriceFoxten@gmail.com','Calle 120 #97-O 21Sur','2011-07-21'),
('7038693491','TP-1','TD-04','Vince','Dalliwater','37088324702','VinceDalliwater@gmail.com','Diagonal 121 #143-R 62Sur','2002-01-15'),
('4673446447','TP-1','TD-02','Koenraad','Postans','36233278647','KoenraadPostans@gmail.com','Avenida 121 #8-D 54Sur','2000-04-24'),
('5549791378','TP-1','TD-03','Rand','Rudeforth','37164029836','RandRudeforth@gmail.com','Tranversal 63 #107-B 30Sur','2002-11-11'),
('3488850673','TP-1','TD-04','Solly','Pope','36139908718','SollyPope@gmail.com','Carrera 39 #134-E 22Sur','2001-12-11'),
('3810558424','TP-1','TD-01','Dione','Critchley','30928804799','DioneCritchley@gmail.com','Avenida 169 #84-W 80Sur','2002-03-17'),
('2082098217','TP-1','TD-01','Cesaro','Frusher','31964957769','CesaroFrusher@gmail.com','Avenida 75 #135-A 61Sur','2004-08-03'),
('5662974997','TP-1','TD-01','Hunt','Brobyn','31996578905','HuntBrobyn@gmail.com','Carrera 202 #150-S 24Sur','2005-10-30'),
('9442239081','TP-1','TD-03','Papageno','Brough','34871572128','PapagenoBrough@gmail.com','Calle 108 #12-Y 34Sur','2006-09-30'),
('8953967671','TP-1','TD-03','Mable','Foxten','36406309783','MableFoxten@gmail.com','Avenida 30 #111-M 49Sur','2010-09-10'),
('6334147443','TP-1','TD-04','Rudolf','Radin','32366184901','RudolfRadin@gmail.com','Carrera 102 #134-K 63Sur','2013-09-04'),
('9458542289','TP-1','TD-02','Bord','Bottrill','37084540451','BordBottrill@gmail.com','Calle 6 #73-C 56Sur','2014-12-05'),
('9341554710','TP-1','TD-02','William','Furnival','35794703103','WilliamFurnival@gmail.com','Calle 138 #6-U 72Sur','2003-12-17'),
('4331107052','TP-1','TD-04','Archy','Turpie','30050864489','ArchyTurpie@gmail.com','Carrera 217 #39-Z 20Sur','2006-05-01'),
('1679792332','TP-1','TD-01','Ailee','Colclough','37064677580','AileeColclough@gmail.com','Carrera 90 #1-J 64Sur','2001-05-13'),
('5962152930','TP-1','TD-03','Minny','Skupinski','31497521861','MinnySkupinski@gmail.com','Avenida 103 #149-S 67Sur','2000-10-13'),
('6230608762','TP-1','TD-01','Brunhilde','Frugier','37093361150','BrunhildeFrugier@gmail.com','Calle 120 #62-X 70Sur','2013-12-29'),
('5320037295','TP-1','TD-04','Robinetta','Gaylard','32086374305','RobinettaGaylard@gmail.com','Carrera 126 #181-W 18Sur','2000-12-09'),
('7989722065','TP-1','TD-04','Fabien','Holson','36100991266','FabienHolson@gmail.com','Calle 115 #168-S 96Sur','2011-06-26'),
('5426147866','TP-1','TD-01','Packston','Kennerley','32588191961','PackstonKennerley@gmail.com','Diagonal 123 #157-R 78Sur','2007-01-12'),
('7719618139','TP-1','TD-01','Reynold','Bonhomme','33701184780','ReynoldBonhomme@gmail.com','Avenida 201 #73-V 87Sur','2007-01-10'),
('4893075708','TP-1','TD-01','Alf','Davidovich','33028094258','AlfDavidovich@gmail.com','Calle 174 #46-B 86Sur','2011-04-11'),
('5364975840','TP-1','TD-02','Spense','Shoute','30009386539','SpenseShoute@gmail.com','Avenida 13 #61-D 81Sur','2003-03-01'),
('3149607681','TP-1','TD-01','Jessey','Sprigin','36834909706','JesseySprigin@gmail.com','Tranversal 116 #63-G 80Sur','2013-11-24'),
('4620269597','TP-1','TD-01','Patrizia','Corradetti','31508706225','PatriziaCorradetti@gmail.com','Diagonal 112 #87-D 9Sur','2011-08-03'),
('6157295692','TP-1','TD-04','Boigie','Sorrie','36049088370','BoigieSorrie@gmail.com','Avenida 170 #52-T 91Sur','2010-12-31'),
('2288712807','TP-1','TD-02','Marylee','Paulino','34733791644','MaryleePaulino@gmail.com','Diagonal 62 #44-Z 80Sur','2008-05-04'),
('6969458426','TP-1','TD-01','Erick','Bartlomieczak','32009475555','ErickBartlomieczak@gmail.com','Calle 26 #196-B 34Sur','2010-05-01'),
('3169385809','TP-2','TD-04','Maire','Gypson','30962056585','MaireGypson@gmail.com','Avenida 26 #162-I 55Sur','2011-07-18'),
('5814921223','TP-2','TD-01','Tam','Fury','35226139902','TamFury@gmail.com','Calle 128 #212-U 67Sur','2007-04-05'),
('6224125084','TP-2','TD-04','Odey','Basketter','31982010648','OdeyBasketter@gmail.com','Calle 156 #113-Y 4Sur','2008-04-29'),
('6472506170','TP-2','TD-02','Hesther','Breede','32068861706','HestherBreede@gmail.com','Avenida 114 #129-D 34Sur','2013-10-31'),
('5496860676','TP-2','TD-01','Karlee','Czapla','37633595168','KarleeCzapla@gmail.com','Tranversal 72 #218-H 87Sur','2015-09-15'),
('3994910496','TP-2','TD-04','Humphrey','Duddy','32597296794','HumphreyDuddy@gmail.com','Avenida 125 #114-W 2Sur','2009-06-02'),
('2217810583','TP-2','TD-04','Svend','Dalwood','31646052470','SvendDalwood@gmail.com','Calle 216 #209-Q 57Sur','2000-04-06'),
('7363136189','TP-2','TD-03','Bary','Fidelli','32926443101','BaryFidelli@gmail.com','Calle 148 #85-E 87Sur','2011-07-25'),
('3629004527','TP-2','TD-04','Chlo','Brion','33407299204','ChloBrion@gmail.com','Diagonal 173 #37-P 97Sur','2001-08-27'),
('3374716929','TP-2','TD-03','Abdel','Anfossi','32529992580','AbdelAnfossi@gmail.com','Carrera 74 #154-K 19Sur','2007-04-04'),
('7830214540','TP-2','TD-02','Elizabeth','Dalliwater','31135519464','ElizabethDalliwater@gmail.com','Calle 15 #57-R 89Sur','2012-01-09'),
('9808722576','TP-2','TD-01','Katusha','Adacot','31374357359','KatushaAdacot@gmail.com','Carrera 27 #53-Y 46Sur','2003-06-22'),
('4657990850','TP-2','TD-04','Filberte','Ivachyov','36991595260','FilberteIvachyov@gmail.com','Avenida 35 #192-O 48Sur','2004-07-11'),
('1624080773','TP-2','TD-01','Gayler','Von Brook','36073611787','GaylerVon Brook@gmail.com','Tranversal 147 #146-H 61Sur','2001-09-26'),
('1033097397','TP-2','TD-02','Erik','Alarcon','3213229629','fabian13426@gmail.com','Calle 185b#8d-08','2004-11-21'),
('1023162417','TP-3','TD-02','Samuel','Ballesteros','3202573267','sdbc780@gmail.com','Diagonal 46 Sur #53 a 45','2004-08-11');


INSERT INTO tb_matricula (TbM_ID_Matricula, TbM_ID_Persona, TbM_ID_Programa, TbM_Fecha) VALUES
('TM-01','2698437962','TPG-3','2023-8-17'),
('TM-02','1935812670','TPG-3','2023-9-30'),
('TM-03','6196061724','TPG-3','2023-9-14'),
('TM-04','2207777371','TPG-3','2024-4-9'),
('TM-05','6399833480','TPG-3','2024-8-8'),
('TM-06','4210191177','TPG-3','2024-10-17'),
('TM-07','6630006744','TPG-3','2024-5-8'),
('TM-08','6897717785','TPG-3','2024-9-11'),
('TM-09','9373225841','TPG-3','2023-2-5'),
('TM-10','1463196279','TPG-3','2023-4-9'),
('TM-11','9451578054','TPG-3','2023-9-1'),
('TM-12','5280155081','TPG-3','2024-1-16'),
('TM-13','9911430125','TPG-3','2023-8-19'),
('TM-14','8721643619','TPG-3','2023-5-23'),
('TM-15','3571082349','TPG-3','2024-9-4'),
('TM-16','1168808556','TPG-3','2024-3-18'),
('TM-17','8182001430','TPG-3','2024-3-13'),
('TM-18','4051014783','TPG-3','2023-1-15'),
('TM-19','5436382190','TPG-3','2023-5-22'),
('TM-20','4934751268','TPG-3','2023-1-25'),
('TM-21','6615672140','TPG-3','2024-3-26'),
('TM-22','7638598330','TPG-3','2024-4-1'),
('TM-23','6519334224','TPG-3','2024-4-17'),
('TM-24','5866036357','TPG-3','2023-11-13'),
('TM-25','4854400432','TPG-3','2024-1-17'),
('TM-26','8970401994','TPG-3','2023-11-26'),
('TM-27','3157307246','TPG-3','2024-9-30'),
('TM-28','6729616235','TPG-3','2023-7-24'),
('TM-29','2910102363','TPG-3','2023-9-17'),
('TM-30','9297152732','TPG-3','2023-2-25'),
('TM-31','1601783884','TPG-3','2023-9-4'),
('TM-32','2020313863','TPG-3','2023-3-29'),
('TM-33','7217187356','TPG-3','2024-3-27'),
('TM-34','4978473074','TPG-3','2023-5-18'),
('TM-35','2413153872','TPG-3','2023-10-18'),
('TM-36','9861972560','TPG-3','2023-10-7'),
('TM-37','7847571760','TPG-3','2023-1-7'),
('TM-38','6187021958','TPG-3','2024-8-17'),
('TM-39','8286764830','TPG-3','2024-12-24'),
('TM-40','9331457337','TPG-3','2024-3-12'),
('TM-41','5732400768','TPG-3','2023-6-8'),
('TM-42','7267671915','TPG-3','2024-6-4'),
('TM-43','6534496469','TPG-3','2023-7-31'),
('TM-44','9197249827','TPG-3','2023-2-23'),
('TM-45','5827128673','TPG-3','2024-7-31'),
('TM-46','3283624800','TPG-3','2024-5-11'),
('TM-47','3973625591','TPG-3','2023-7-29'),
('TM-48','1313659169','TPG-3','2023-8-6'),
('TM-49','1947512118','TPG-3','2024-6-14'),
('TM-50','4804075912','TPG-3','2023-7-5'),
('TM-51','2579912663','TPG-3','2024-6-7'),
('TM-52','5948490297','TPG-3','2023-9-4'),
('TM-53','1029141151','TPG-3','2024-7-20'),
('TM-54','8840573571','TPG-3','2024-5-6'),
('TM-55','2155498127','TPG-3','2024-8-16'),
('TM-56','3171410301','TPG-3','2023-8-2'),
('TM-57','2852645727','TPG-3','2023-7-21'),
('TM-58','7038693491','TPG-3','2023-8-5'),
('TM-59','4673446447','TPG-3','2023-5-1'),
('TM-60','5549791378','TPG-3','2024-4-9'),
('TM-61','3488850673','TPG-3','2024-6-17'),
('TM-62','3810558424','TPG-3','2023-5-6'),
('TM-63','2082098217','TPG-3','2024-7-9'),
('TM-64','5662974997','TPG-3','2024-2-8'),
('TM-65','9442239081','TPG-3','2024-4-25'),
('TM-66','8953967671','TPG-3','2023-9-14'),
('TM-67','6334147443','TPG-3','2023-2-22'),
('TM-68','9458542289','TPG-3','2023-8-2'),
('TM-69','9341554710','TPG-3','2023-2-17'),
('TM-70','4331107052','TPG-3','2024-3-10'),
('TM-71','1679792332','TPG-3','2023-1-18'),
('TM-72','5962152930','TPG-3','2024-12-6'),
('TM-73','6230608762','TPG-3','2024-6-27'),
('TM-74','5320037295','TPG-3','2023-11-3'),
('TM-75','7989722065','TPG-3','2024-5-26'),
('TM-76','5426147866','TPG-3','2023-3-31'),
('TM-77','7719618139','TPG-3','2023-10-2'),
('TM-78','4893075708','TPG-3','2024-8-8'),
('TM-79','5364975840','TPG-3','2024-6-30'),
('TM-80','3149607681','TPG-3','2024-1-2'),
('TM-81','4620269597','TPG-3','2023-9-2'),
('TM-82','6157295692','TPG-3','2024-12-23'),
('TM-83','2288712807','TPG-3','2024-12-7'),
('TM-84','6969458426','TPG-3','2023-7-5');


INSERT INTO tb_contrato (TbC_ID_Contrato, TbC_ID_Personas, TbC_Fecha, TbC_Salario_Hora) VALUES
('C-01','3169385809','2023-6-6',6300),
('C-02','5814921223','2023-10-7',6300),
('C-03','6224125084','2024-3-21',6300),
('C-04','6472506170','2024-10-12',6300),
('C-05','5496860676','2024-10-13',6300),
('C-06','3994910496','2024-8-5',6300),
('C-07','2217810583','2023-3-3',6300),
('C-08','7363136189','2023-1-31',6300),
('C-09','3629004527','2024-7-24',6300),
('C-10','3374716929','2023-1-22',6300),
('C-11','7830214540','2024-7-25',6300),
('C-12','9808722576','2024-10-26',6300),
('C-13','4657990850','2024-4-26',6300),
('C-14','1624080773','2024-3-29',6300),
('C-15','1033097397','2024-6-20',6300);

INSERT INTO tb_horario (TbH_ID_Horario, TbH_Dia_Semana, TbH_Hora_Inicio, TbH_Hora_Final) VALUES 
('1','LUNES','07:00:00','05:00:00'),
('2','MARTES','07:00:00','05:00:00'),
('3','MIÉRCOLES','07:00:00','05:00:00'),
('4','JUEVES','07:00:00','05:00:00'),
('5','VIERNES','07:00:00','05:00:00');

INSERT INTO tb_carga_docente (TbCD_ID_Detalles, TbCD_Contrato, TbCD_Horas_Trabajadas, TbCD_Dia_Semana) VALUES
('DT-01','C-01','3','Lunes'),
('DT-02','C-02','2','Lunes'),
('DT-03','C-03','5','Lunes'),
('DT-04','C-04','2','Lunes'),
('DT-05','C-05','8','Lunes'),
('DT-06','C-06','8','Lunes'),
('DT-07','C-07','8','Lunes'),
('DT-08','C-08','5','Lunes'),
('DT-09','C-09','1','Lunes'),
('DT-10','C-10','4','Lunes'),
('DT-11','C-11','6','Lunes'),
('DT-12','C-12','3','Lunes'),
('DT-13','C-13','4','Lunes'),
('DT-14','C-14','3','Lunes'),
('DT-15','C-15','5','Lunes');

INSERT INTO tb_Usuarios (TbU_Email, TbU_ID_Contraseña, TbU_Tipo_Persona) VALUES
('AngeliTampion@gmail.com','2698437962','TP-1'),
('QuintusHaggath@gmail.com','1935812670','TP-1'),
('TeddyCammack@gmail.com','6196061724','TP-1'),
('EthelOScanlan@gmail.com','2207777371','TP-1'),
('SelindaEllph@gmail.com','6399833480','TP-1'),
('MaggieCoenraets@gmail.com','4210191177','TP-1'),
('Helen-elizabethSullivan@gmail.com','6630006744','TP-1'),
('JillyAntal@gmail.com','6897717785','TP-1'),
('MurrayChoulerton@gmail.com','9373225841','TP-1'),
('RicorikiCrump@gmail.com','1463196279','TP-1'),
('MarwinParoni@gmail.com','9451578054','TP-1'),
('HammadKnifton@gmail.com','5280155081','TP-1'),
('TamLynock@gmail.com','9911430125','TP-1'),
('MaggieFaughny@gmail.com','8721643619','TP-1'),
('DaiseyWadly@gmail.com','3571082349','TP-1'),
('NoeSharpling@gmail.com','1168808556','TP-1'),
('CullanJoicey@gmail.com','8182001430','TP-1'),
('KienanAnnesley@gmail.com','4051014783','TP-1'),
('ArnaldoOlifaunt@gmail.com','5436382190','TP-1'),
('ValeraGrout@gmail.com','4934751268','TP-1'),
('KillieCarik@gmail.com','6615672140','TP-1'),
('FraserRemer@gmail.com','7638598330','TP-1'),
('SidneyJedrzaszkiewicz@gmail.com','6519334224','TP-1'),
('ZorahBridgestock@gmail.com','5866036357','TP-1'),
('BartholomeoBuston@gmail.com','4854400432','TP-1'),
('AshiaSimkovich@gmail.com','8970401994','TP-1'),
('PadraigCzapla@gmail.com','3157307246','TP-1'),
('HaywardHallaways@gmail.com','6729616235','TP-1'),
('FrancescoChildren@gmail.com','2910102363','TP-1'),
('VirgieValente@gmail.com','9297152732','TP-1'),
('EarthaBiddlestone@gmail.com','1601783884','TP-1'),
('GiustoStrognell@gmail.com','2020313863','TP-1'),
('AnyDible@gmail.com','7217187356','TP-1'),
('ZackariahCristea@gmail.com','4978473074','TP-1'),
('HumphreyYoodall@gmail.com','2413153872','TP-1'),
('SondraCornier@gmail.com','9861972560','TP-1'),
('NolanTumielli@gmail.com','7847571760','TP-1'),
('ErnestMathely@gmail.com','6187021958','TP-1'),
('NoelLesslie@gmail.com','8286764830','TP-1'),
('KinsleyMellonby@gmail.com','9331457337','TP-1'),
('RickertKivell@gmail.com','5732400768','TP-1'),
('BrianBettles@gmail.com','7267671915','TP-1'),
('KellenSpataro@gmail.com','6534496469','TP-1'),
('CharisMacKean@gmail.com','9197249827','TP-1'),
('SherryThompson@gmail.com','5827128673','TP-1'),
('AlasterBorell@gmail.com','3283624800','TP-1'),
('LaneSalkeld@gmail.com','3973625591','TP-1'),
('GarwinBiasini@gmail.com','1313659169','TP-1'),
('ClemmySturton@gmail.com','1947512118','TP-1'),
('DarrelAntonucci@gmail.com','4804075912','TP-1'),
('WilliamHuyche@gmail.com','2579912663','TP-1'),
('VernenJugging@gmail.com','5948490297','TP-1'),
('cadenaverajuandavid@gmail.com','1029141151','TP-1'),
('FraserGonin@gmail.com','8840573571','TP-1'),
('JoelCogzell@gmail.com','2155498127','TP-1'),
('HammadJagg@gmail.com','3171410301','TP-1'),
('BeatriceFoxten@gmail.com','2852645727','TP-1'),
('VinceDalliwater@gmail.com','7038693491','TP-1'),
('KoenraadPostans@gmail.com','4673446447','TP-1'),
('RandRudeforth@gmail.com','5549791378','TP-1'),
('SollyPope@gmail.com','3488850673','TP-1'),
('DioneCritchley@gmail.com','3810558424','TP-1'),
('CesaroFrusher@gmail.com','2082098217','TP-1'),
('HuntBrobyn@gmail.com','5662974997','TP-1'),
('PapagenoBrough@gmail.com','9442239081','TP-1'),
('MableFoxten@gmail.com','8953967671','TP-1'),
('RudolfRadin@gmail.com','6334147443','TP-1'),
('BordBottrill@gmail.com','9458542289','TP-1'),
('WilliamFurnival@gmail.com','9341554710','TP-1'),
('ArchyTurpie@gmail.com','4331107052','TP-1'),
('AileeColclough@gmail.com','1679792332','TP-1'),
('MinnySkupinski@gmail.com','5962152930','TP-1'),
('BrunhildeFrugier@gmail.com','6230608762','TP-1'),
('RobinettaGaylard@gmail.com','5320037295','TP-1'),
('FabienHolson@gmail.com','7989722065','TP-1'),
('PackstonKennerley@gmail.com','5426147866','TP-1'),
('ReynoldBonhomme@gmail.com','7719618139','TP-1'),
('AlfDavidovich@gmail.com','4893075708','TP-1'),
('SpenseShoute@gmail.com','5364975840','TP-1'),
('JesseySprigin@gmail.com','3149607681','TP-1'),
('PatriziaCorradetti@gmail.com','4620269597','TP-1'),
('BoigieSorrie@gmail.com','6157295692','TP-1'),
('MaryleePaulino@gmail.com','2288712807','TP-1'),
('ErickBartlomieczak@gmail.com','6969458426','TP-1'),
('MaireGypson@gmail.com','3169385809','TP-2'),
('TamFury@gmail.com','5814921223','TP-2'),
('OdeyBasketter@gmail.com','6224125084','TP-2'),
('HestherBreede@gmail.com','6472506170','TP-2'),
('KarleeCzapla@gmail.com','5496860676','TP-2'),
('HumphreyDuddy@gmail.com','3994910496','TP-2'),
('SvendDalwood@gmail.com','2217810583','TP-2'),
('BaryFidelli@gmail.com','7363136189','TP-2'),
('ChloBrion@gmail.com','3629004527','TP-2'),
('AbdelAnfossi@gmail.com','3374716929','TP-2'),
('ElizabethDalliwater@gmail.com','7830214540','TP-2'),
('KatushaAdacot@gmail.com','9808722576','TP-2'),
('FilberteIvachyov@gmail.com','4657990850','TP-2'),
('GaylerVon Brook@gmail.com','1624080773','TP-2'),
('fabian13426@gmail.com','1033097397','TP-2'),
('sdbc780@gmail.com','1023162417','TP-3');

INSERT INTO tb_nivel (TbN_ID_Nivel, TbN_Duracion_Horas) VALUES 
('A1','10 Horas semanales'),
('A2','10 Horas semanales'),
('B1','12 Horas semanales'),
('B2','12 Horas semanales'),
('C1','15 Horas semanales'),
('C2','15 Horas semanales');

INSERT INTO tb_curso_nombre (TbCN_ID_Curso, TbCN_Nombre_Curso) VALUES 
('A-101','Curso Aprendizaje'),
('A-102','Curso Basico'),
('B-201','Curso Avanzado'),
('B-202','Curso Intermedio'),
('C-301','Curso Maestro'),
('C-302','Curso Perfecto');


INSERT INTO tb_curso(TbCo_ID_Curso, TbCo_ID_Matricula, TbCo_ID_Nivel, TbCo_ID_Horario, TbCo_ID_Contrato) VALUES 
('A-102','TM-01','A2','1','C-01'),
('B-202','TM-02','B2','3','C-01'),
('C-301','TM-03','C1','4','C-01'),
('A-101','TM-04','A1','3','C-01'),
('B-201','TM-05','B1','3','C-01'),
('C-302','TM-06','C2','5','C-01'),
('A-101','TM-07','A1','1','C-01'),
('B-202','TM-08','B2','4','C-01'),
('C-302','TM-09','C2','2','C-01'),
('A-102','TM-10','A2','4','C-01'),
('B-201','TM-11','B1','1','C-01'),
('C-302','TM-12','C2','3','C-01'),
('A-101','TM-13','A1','1','C-01'),
('B-202','TM-14','B2','3','C-01'),
('C-301','TM-15','C1','5','C-01'),
('A-102','TM-16','A2','5','C-01'),
('B-201','TM-17','B1','1','C-01'),
('C-302','TM-18','C2','5','C-01'),
('A-101','TM-19','A1','1','C-01'),
('B-202','TM-20','B2','1','C-02'),
('C-302','TM-21','C2','3','C-02'),
('A-101','TM-22','A1','2','C-02'),
('B-201','TM-23','B1','5','C-02'),
('C-302','TM-24','C2','5','C-02'),
('A-101','TM-25','A1','5','C-02'),
('B-201','TM-26','B1','2','C-02'),
('C-302','TM-27','C2','2','C-02'),
('A-101','TM-28','A1','4','C-02'),
('B-201','TM-29','B1','3','C-02'),
('C-301','TM-30','C1','5','C-02'),
('A-102','TM-31','A2','2','C-02'),
('B-201','TM-32','B1','2','C-02'),
('C-302','TM-33','C2','3','C-02'),
('A-101','TM-34','A1','1','C-02'),
('B-201','TM-35','B1','4','C-02'),
('C-301','TM-36','C1','5','C-03'),
('A-101','TM-37','A1','2','C-03'),
('B-201','TM-38','B1','5','C-03'),
('C-301','TM-39','C1','5','C-03'),
('A-101','TM-40','A1','2','C-03'),
('B-201','TM-41','B1','4','C-03'),
('C-302','TM-42','C2','4','C-03'),
('A-101','TM-43','A1','4','C-03'),
('B-202','TM-44','B2','3','C-03'),
('C-301','TM-45','C1','3','C-03'),
('A-102','TM-46','A2','5','C-03'),
('B-202','TM-47','B2','2','C-04'),
('C-302','TM-48','C2','2','C-04'),
('A-102','TM-49','A2','1','C-04'),
('B-201','TM-50','B1','1','C-04'),
('C-302','TM-51','C2','2','C-04'),
('A-101','TM-52','A1','2','C-04'),
('B-202','TM-53','B2','1','C-04'),
('C-301','TM-54','C1','2','C-04'),
('A-102','TM-55','A2','1','C-04'),
('B-202','TM-56','B2','3','C-04'),
('C-302','TM-57','C2','4','C-04'),
('A-102','TM-58','A2','5','C-04'),
('B-201','TM-59','B1','5','C-04'),
('C-302','TM-60','C2','3','C-04'),
('A-101','TM-61','A1','5','C-04'),
('B-202','TM-62','B2','3','C-04'),
('C-301','TM-63','C1','2','C-04'),
('A-102','TM-64','A2','5','C-04'),
('B-202','TM-65','B2','3','C-04'),
('C-302','TM-66','C2','2','C-04'),
('A-102','TM-67','A2','2','C-05'),
('B-201','TM-68','B1','1','C-05'),
('C-302','TM-69','C2','3','C-05'),
('A-101','TM-70','A1','1','C-05'),
('B-202','TM-71','B2','5','C-05'),
('B-201','TM-72','B1','5','C-05'),
('C-302','TM-73','C2','5','C-05'),
('A-101','TM-74','A1','5','C-05'),
('B-202','TM-75','B2','2','C-05'),
('C-302','TM-76','C2','2','C-05'),
('A-102','TM-77','A2','4','C-06'),
('B-201','TM-78','B1','2','C-06'),
('C-302','TM-79','C2','1','C-06'),
('A-101','TM-80','A1','2','C-06'),
('B-202','TM-81','B2','2','C-06'),
('C-301','TM-82','C1','2','C-06'),
('A-102','TM-83','A2','2','C-06'),
('B-201','TM-84','B1','3','C-06');

INSERT INTO tb_notas (TbN_ID_Nota, TbN_ID_Curso, TbN_ID_Matricula, TbN_ID_Contrato) VALUES
('4.3','A-102','TM-01','C-01'),
('2.7','B-202','TM-02','C-01'),
('3.9','C-301','TM-03','C-01'),
('1.8','A-101','TM-04','C-01'),
('4.6','B-201','TM-05','C-01'),
('3.2','C-302','TM-06','C-01'),
('1.4','A-101','TM-07','C-01'),
('2.1','B-202','TM-08','C-01'),
('4.8','C-302','TM-09','C-01'),
('3.5','A-102','TM-10','C-01'),
('1.2','B-201','TM-11','C-01'),
('4.9','C-302','TM-12','C-01'),
('2.4','A-101','TM-13','C-01'),
('3.1','B-202','TM-14','C-01'),
('5.0','C-301','TM-15','C-01'),
('2.9','A-102','TM-16','C-01'),
('4.2','B-201','TM-17','C-01'),
('1.6','C-302','TM-18','C-01'),
('3.8','A-101','TM-19','C-01'),
('2.2','B-202','TM-20','C-02'),
('4.7','C-302','TM-21','C-02'),
('3.4','A-101','TM-22','C-02'),
('1.9','B-201','TM-23','C-02'),
('4.5','C-302','TM-24','C-02'),
('2.6','A-101','TM-25','C-02'),
('3.0','B-201','TM-26','C-02'),
('1.1','C-302','TM-27','C-02'),
('4.1','A-101','TM-28','C-02'),
('3.7','B-201','TM-29','C-02'),
('1.5','C-301','TM-30','C-02'),
('4.4','A-102','TM-31','C-02'),
('2.8','B-201','TM-32','C-02'),
('3.3','C-302','TM-33','C-02'),
('1.7','A-101','TM-34','C-02'),
('4.0','B-201','TM-35','C-02'),
('2.3','C-301','TM-36','C-03'),
('3.6','A-101','TM-37','C-03'),
('1.3','B-201','TM-38','C-03'),
('4.8','C-301','TM-39','C-03'),
('2.5','A-101','TM-40','C-03'),
('3.2','B-201','TM-41','C-03'),
('1.0','C-302','TM-42','C-03'),
('4.6','A-101','TM-43','C-03'),
('3.9','B-202','TM-44','C-03'),
('1.8','C-301','TM-45','C-03'),
('4.9','A-102','TM-46','C-03'),
('2.4','B-202','TM-47','C-04'),
('3.1','C-302','TM-48','C-04'),
('5.0','A-102','TM-49','C-04'),
('2.9','B-201','TM-50','C-04'),
('4.2','C-302','TM-51','C-04'),
('1.6','A-101','TM-52','C-04'),
('3.8','B-202','TM-53','C-04'),
('2.2','C-301','TM-54','C-04'),
('4.7','A-102','TM-55','C-04'),
('3.4','B-202','TM-56','C-04'),
('1.9','C-302','TM-57','C-04'),
('4.5','A-102','TM-58','C-04'),
('2.6','B-201','TM-59','C-04'),
('3.0','C-302','TM-60','C-04'),
('1.1','A-101','TM-61','C-04'),
('4.1','B-202','TM-62','C-04'),
('3.7','C-301','TM-63','C-04'),
('1.5','A-102','TM-64','C-04'),
('4.4','B-202','TM-65','C-04'),
('2.8','C-302','TM-66','C-04'),
('3.3','A-102','TM-67','C-05'),
('1.7','B-201','TM-68','C-05'),
('4.0','C-302','TM-69','C-05'),
('2.3','A-101','TM-70','C-05'),
('3.6','B-202','TM-71','C-05'),
('1.3','B-201','TM-72','C-05'),
('4.8','C-302','TM-73','C-05'),
('2.5','A-101','TM-74','C-05'),
('3.2','B-202','TM-75','C-05'),
('1.0','C-302','TM-76','C-05'),
('4.6','A-102','TM-77','C-06'),
('3.9','B-201','TM-78','C-06'),
('1.8','C-302','TM-79','C-06'),
('4.9','A-101','TM-80','C-06'),
('2.4','B-202','TM-81','C-06'),
('3.1','C-301','TM-82','C-06'),
('5.0','A-102','TM-83','C-06'),
('2.9','B-201','TM-84','C-06');


INSERT INTO tb_nivel_matricula (TbNM_ID_Horario, TbNM_ID_Nivel, TbNM_ID_Matricula, TbNM_ID_Contrato, TbNM_ID_Curso) VALUES 
('1','A2','TM-01','C-01','A-102'),
('3','B2','TM-02','C-01','B-202'),
('4','C1','TM-03','C-01','C-301'),
('3','A1','TM-04','C-01','A-101'),
('3','B1','TM-05','C-01','B-201'),
('5','C2','TM-06','C-01','C-302'),
('1','A1','TM-07','C-01','A-101'),
('4','B2','TM-08','C-01','B-202'),
('2','C2','TM-09','C-01','C-302'),
('4','A2','TM-10','C-01','A-102'),
('1','B1','TM-11','C-01','B-201'),
('3','C2','TM-12','C-01','C-302'),
('1','A1','TM-13','C-01','A-101'),
('3','B2','TM-14','C-01','B-202'),
('5','C1','TM-15','C-01','C-301'),
('5','A2','TM-16','C-01','A-102'),
('1','B1','TM-17','C-01','B-201'),
('5','C2','TM-18','C-01','C-302'),
('1','A1','TM-19','C-01','A-101'),
('1','B2','TM-20','C-02','B-202'),
('3','C2','TM-21','C-02','C-302'),
('2','A1','TM-22','C-02','A-101'),
('5','B1','TM-23','C-02','B-201'),
('5','C2','TM-24','C-02','C-302'),
('5','A1','TM-25','C-02','A-101'),
('2','B1','TM-26','C-02','B-201'),
('2','C2','TM-27','C-02','C-302'),
('4','A1','TM-28','C-02','A-101'),
('3','B1','TM-29','C-02','B-201'),
('5','C1','TM-30','C-02','C-301'),
('2','A2','TM-31','C-02','A-102'),
('2','B1','TM-32','C-02','B-201'),
('3','C2','TM-33','C-02','C-302'),
('1','A1','TM-34','C-02','A-101'),
('4','B1','TM-35','C-02','B-201'),
('5','C1','TM-36','C-03','C-301'),
('2','A1','TM-37','C-03','A-101'),
('5','B1','TM-38','C-03','B-201'),
('5','C1','TM-39','C-03','C-301'),
('2','A1','TM-40','C-03','A-101'),
('4','B1','TM-41','C-03','B-201'),
('4','C2','TM-42','C-03','C-302'),
('4','A1','TM-43','C-03','A-101'),
('3','B2','TM-44','C-03','B-202'),
('3','C1','TM-45','C-03','C-301'),
('5','A2','TM-46','C-03','A-102'),
('2','B2','TM-47','C-04','B-202'),
('2','C2','TM-48','C-04','C-302'),
('1','A2','TM-49','C-04','A-102'),
('1','B1','TM-50','C-04','B-201'),
('2','C2','TM-51','C-04','C-302'),
('2','A1','TM-52','C-04','A-101'),
('1','B2','TM-53','C-04','B-202'),
('2','C1','TM-54','C-04','C-301'),
('1','A2','TM-55','C-04','A-102'),
('3','B2','TM-56','C-04','B-202'),
('4','C2','TM-57','C-04','C-302'),
('5','A2','TM-58','C-04','A-102'),
('5','B1','TM-59','C-04','B-201'),
('3','C2','TM-60','C-04','C-302'),
('5','A1','TM-61','C-04','A-101'),
('3','B2','TM-62','C-04','B-202'),
('2','C1','TM-63','C-04','C-301'),
('5','A2','TM-64','C-04','A-102'),
('3','B2','TM-65','C-04','B-202'),
('2','C2','TM-66','C-04','C-302'),
('2','A2','TM-67','C-05','A-102'),
('1','B1','TM-68','C-05','B-201'),
('3','C2','TM-69','C-05','C-302'),
('1','A1','TM-70','C-05','A-101'),
('5','B2','TM-71','C-05','B-202'),
('5','B1','TM-72','C-05','B-201'),
('5','C2','TM-73','C-05','C-302'),
('5','A1','TM-74','C-05','A-101'),
('2','B2','TM-75','C-05','B-202'),
('2','C2','TM-76','C-05','C-302'),
('4','A2','TM-77','C-06','A-102'),
('2','B1','TM-78','C-06','B-201'),
('1','C2','TM-79','C-06','C-302'),
('2','A1','TM-80','C-06','A-101'),
('2','B2','TM-81','C-06','B-202'),
('2','C1','TM-82','C-06','C-301'),
('2','A2','TM-83','C-06','A-102'),
('3','B1','TM-84','C-06','B-201');