-- DATOS --
INSERT INTO tb_tipo_persona (TbTP_ID_Tipo_Persona, TbTP_Tipo_Persona) VALUES
('TP-1', 'Estudiante'),
('TP-2', 'Profesor'),
('TP-3', 'Administrador')
;

INSERT INTO tb_tipo_documento (TbTD_ID_Tipo_Documento, TbTP_Tipo_Documento) VALUES
('TD-01', 'Tarjeta de Identidad'),
('TD-02', 'Cedula'),
('TD-03', 'Cedula Extranjera'),
('TD-04', 'Pasaporte'),
('TD-05', 'Registro  de Civil');

INSERT INTO tb_programa (TbPr_ID_Programa, TbPr_Nombre_Programa, TbPr_Duracion, TbPr_Costo) VALUES
('TPG-1', 'GOLD', '1_año', 280000),
('TPG-2', 'VIP', '1_año', 360000),
('TPG-3', 'SHORT', '6_meses', 600000);

INSERT INTO tb_personas (TbP_ID_Personas, TbP_Tipo_Personas, TbP_Tipo_Documento, TbP_Nombre, TbP_Apellido, TbP_Telefono, TbP_Direccion_Email, TbP_Direccion, TbP_Fecha_Nacimiento) VALUES
('7453767492', 'TP-1', 'TD-04', 'Hildagard', 'Tamburo', '35462991706', 'HildagardTamburo@gmail.com', 'Tranversal 20 #36-Y 54Sur', '2002-04-26'),
('7468935626', 'TP-1', 'TD-04', 'Oates', 'Grassi', '33215532888', 'OatesGrassi@gmail.com', 'Calle 69 #13-R 54Sur', '2012-04-09'),
('7470880584', 'TP-1', 'TD-01', 'Brant', 'Matushevich', '32018480311', 'BrantMatushevich@gmail.com', 'Tranversal 209 #183-G 22Sur', '2006-01-14'),
('7472807641', 'TP-1', 'TD-04', 'Christina', 'Nelle', '31171665499', 'ChristinaNelle@gmail.com', 'Calle 169 #51-U 7Sur', '2003-01-12'),
('7473452242', 'TP-1', 'TD-03', 'Merrel', 'Sansam', '31184223795', 'MerrelSansam@gmail.com', 'Avenida 125 #107-O 39Sur', '2015-02-24'),
('7483711508', 'TP-2', 'TD-04', 'Carling', 'Debrick', '36316143874', 'CarlingDebrick@gmail.com', 'Calle 162 #18-J 2Sur', '2003-10-16'),
('7489545595', 'TP-1', 'TD-04', 'Mariquilla', 'Skinner', '33890605709', 'MariquillaSkinner@gmail.com', 'Calle 146 #161-V 83Sur', '2003-01-20'),
('7490570598', 'TP-1', 'TD-02', 'Randie', 'Fidelli', '33635149352', 'RandieFidelli@gmail.com', 'Calle 8 #112-E 19Sur', '2011-05-26'),
('7509760535', 'TP-1', 'TD-03', 'Fedora', 'Wrassell', '36288149851', 'FedoraWrassell@gmail.com', 'Avenida 8 #99-I 2Sur', '2002-06-09'),
('7539236824', 'TP-1', 'TD-04', 'Seward', 'Bircher', '37473904344', 'SewardBircher@gmail.com', 'Diagonal 128 #54-X 21Sur', '2002-11-18'),
('7553146371', 'TP-1', 'TD-04', 'Griswold', 'Troake', '31935585429', 'GriswoldTroake@gmail.com', 'Tranversal 216 #192-W 24Sur', '2011-11-17'),
('7554041250', 'TP-1', 'TD-03', 'Marvin', 'Chappell', '31153396314', 'MarvinChappell@gmail.com', 'Tranversal 149 #132-Q 4Sur', '2002-07-16'),
('7556241547', 'TP-1', 'TD-02', 'Keane', 'De Gogay', '34369000389', 'KeaneDe Gogay@gmail.com', 'Carrera 111 #205-O 53Sur', '2014-03-05'),
('7567312552', 'TP-1', 'TD-03', 'Munroe', 'Colclough', '36392444356', 'MunroeColclough@gmail.com', 'Diagonal 32 #17-E 77Sur', '2001-09-25'),
('7585410465', 'TP-1', 'TD-02', 'Redford', 'Knifton', '36448226055', 'RedfordKnifton@gmail.com', 'Carrera 21 #23-K 73Sur', '2009-08-06'),
('7587090109', 'TP-1', 'TD-04', 'Hewet', 'Schultze', '37432702694', 'HewetSchultze@gmail.com', 'Carrera 76 #185-Y 31Sur', '2005-07-29'),
('7608485694', 'TP-1', 'TD-04', 'Rose', 'Philo', '34183431248', 'RosePhilo@gmail.com', 'Calle 62 #209-N 12Sur', '2008-08-16'),
('7611583517', 'TP-1', 'TD-03', 'Teodor', 'Egginton', '32096129811', 'TeodorEgginton@gmail.com', 'Diagonal 54 #111-P 79Sur', '2008-03-09'),
('7613873852', 'TP-1', 'TD-02', 'Ransom', 'Crisall', '31156079930', 'RansomCrisall@gmail.com', 'Diagonal 60 #172-S 58Sur', '2013-12-24'),
('7627488007', 'TP-1', 'TD-02', 'Lonny', 'Muncer', '37364873086', 'LonnyMuncer@gmail.com', 'Tranversal 140 #133-P 34Sur', '2012-12-24'),
('7631547434', 'TP-1', 'TD-03', 'Godwin', 'Baldick', '33281802286', 'GodwinBaldick@gmail.com', 'Calle 53 #114-L 51Sur', '2009-07-15'),
('7638598330', 'TP-1', 'TD-02', 'Fraser', 'Remer', '32929871934', 'FraserRemer@gmail.com', 'Carrera 174 #30-F 63Sur', '2006-07-06'),
('7638717511', 'TP-1', 'TD-02', 'Basil', 'Newbury', '30032524436', 'BasilNewbury@gmail.com', 'Tranversal 155 #43-F 71Sur', '2010-12-26'),
('7673398271', 'TP-1', 'TD-02', 'Etan', 'Flecknell', '32674539563', 'EtanFlecknell@gmail.com', 'Carrera 142 #167-Q 42Sur', '2012-12-08'),
('7700848018', 'TP-1', 'TD-03', 'Gustaf', 'Foxten', '30274397803', 'GustafFoxten@gmail.com', 'Avenida 78 #74-A 66Sur', '2001-12-28'),
('7719618139', 'TP-2', 'TD-01', 'Reynold', 'Bonhomme', '33701184780', 'ReynoldBonhomme@gmail.com', 'Avenida 201 #73-V 87Sur', '2007-01-10'),
('7721651276', 'TP-1', 'TD-03', 'Giustina', 'Tampion', '36604657635', 'GiustinaTampion@gmail.com', 'Avenida 66 #89-V 20Sur', '2007-03-09'),
('7722677747', 'TP-1', 'TD-04', 'Timofei', 'Tamburo', '36603588146', 'TimofeiTamburo@gmail.com', 'Tranversal 98 #117-Q 86Sur', '2012-06-05'),
('7731829877', 'TP-1', 'TD-04', 'Edvard', 'Reichelt', '33601798268', 'EdvardReichelt@gmail.com', 'Avenida 68 #53-H 88Sur', '2011-12-02'),
('7739452407', 'TP-1', 'TD-03', 'Benedetto', 'Gollop', '37588560264', 'BenedettoGollop@gmail.com', 'Avenida 49 #63-G 1Sur', '2007-07-14'),
('7744299699', 'TP-1', 'TD-02', 'Frasquito', 'Delacroux', '34679622117', 'FrasquitoDelacroux@gmail.com', 'Tranversal 78 #127-C 96Sur', '2011-07-21'),
('7751696209', 'TP-1', 'TD-01', 'Free', 'Kennady', '32258314871', 'FreeKennady@gmail.com', 'Diagonal 31 #21-V 58Sur', '2013-09-05'),
('7751866025', 'TP-1', 'TD-04', 'Israel', 'Trahmel', '33563268248', 'IsraelTrahmel@gmail.com', 'Diagonal 29 #9-O 65Sur', '2003-09-10'),
('7755971163', 'TP-1', 'TD-02', 'Zorah', 'Crates', '31163517212', 'ZorahCrates@gmail.com', 'Carrera 80 #181-R 33Sur', '2012-02-01'),
('7757654214', 'TP-1', 'TD-01', 'Salem', 'Common', '33361314195', 'SalemCommon@gmail.com', 'Diagonal 18 #188-P 86Sur', '2007-01-29'),
('7772255507', 'TP-1', 'TD-03', 'Lane', 'Wapples', '31273516257', 'LaneWapples@gmail.com', 'Avenida 53 #37-P 56Sur', '2004-07-16'),
('7773421355', 'TP-1', 'TD-02', 'Marvin', 'Tomek', '33162849466', 'MarvinTomek@gmail.com', 'Calle 10 #196-K 74Sur', '2015-04-12'),
('7784845269', 'TP-1', 'TD-03', 'Cecily', 'Molineux', '30236785600', 'CecilyMolineux@gmail.com', 'Tranversal 56 #99-V 64Sur', '2002-02-14'),
('7797682648', 'TP-1', 'TD-03', 'Vaughan', 'Caselli', '34139767539', 'VaughanCaselli@gmail.com', 'Diagonal 96 #11-W 23Sur', '2001-01-12'),
('7803847462', 'TP-1', 'TD-03', 'Flory', 'Iveagh', '37190604054', 'FloryIveagh@gmail.com', 'Diagonal 145 #117-W 9Sur', '2015-09-12'),
('7819861009', 'TP-1', 'TD-03', 'Mickie', 'Mapson', '33910477565', 'MickieMapson@gmail.com', 'Tranversal 40 #108-H 21Sur', '2013-08-11'),
('7825023441', 'TP-1', 'TD-01', 'Bertina', 'Madison', '36215663223', 'BertinaMadison@gmail.com', 'Calle 15 #180-L 94Sur', '2012-05-22'),
('7830214540', 'TP-2', 'TD-02', 'Elizabeth', 'Dalliwater', '31135519464', 'ElizabethDalliwater@gmail.com', 'Calle 15 #57-R 89Sur', '2012-01-09'),
('7844499055', 'TP-1', 'TD-02', 'Eartha', 'Tarrier', '33508486860', 'EarthaTarrier@gmail.com', 'Calle 41 #186-E 33Sur', '2015-08-27'),
('7847571760', 'TP-1', 'TD-03', 'Nolan', 'Tumielli', '37029576164', 'NolanTumielli@gmail.com', 'Tranversal 155 #69-Z 55Sur', '2004-04-28'),
('7848937064', 'TP-1', 'TD-03', 'Halsy', 'Czajka', '32908401310', 'HalsyCzajka@gmail.com', 'Avenida 213 #137-X 45Sur', '2000-11-11'),
('7859934421', 'TP-1', 'TD-03', 'Natale', 'Drummer', '33708849312', 'NataleDrummer@gmail.com', 'Calle 52 #150-Q 18Sur', '2001-05-18'),
('7873893516', 'TP-1', 'TD-03', 'Carla', 'Sibray', '30389338419', 'CarlaSibray@gmail.com', 'Carrera 59 #126-R 8Sur', '2004-12-16'),
('7879181101', 'TP-1', 'TD-03', 'Zackariah', 'McCandless', '31111219495', 'ZackariahMcCandless@gmail.com', 'Tranversal 210 #174-V 68Sur', '2014-04-11'),
('7884584493', 'TP-1', 'TD-01', 'Geno', 'Debrick', '37106610068', 'GenoDebrick@gmail.com', 'Avenida 167 #50-D 28Sur', '2000-02-11'),
('7922080842', 'TP-1', 'TD-01', 'Gertrudis', 'Reichelt', '34647844196', 'GertrudisReichelt@gmail.com', 'Diagonal 209 #175-F 20Sur', '2015-10-12'),
('7940706815', 'TP-1', 'TD-02', 'Marchelle', 'Borell', '36471088653', 'MarchelleBorell@gmail.com', 'Carrera 29 #85-M 74Sur', '2003-03-29'),
('7940977729', 'TP-1', 'TD-03', 'Hussein', 'Coenraets', '37663156358', 'HusseinCoenraets@gmail.com', 'Diagonal 212 #189-F 79Sur', '2013-12-28'),
('7948057547', 'TP-1', 'TD-04', 'Russ', 'Franklen', '30673516130', 'RussFranklen@gmail.com', 'Tranversal 88 #217-T 27Sur', '2012-03-11'),
('7955440260', 'TP-1', 'TD-02', 'Mack', 'Rodd', '34309989592', 'MackRodd@gmail.com', 'Diagonal 130 #146-Y 46Sur', '2014-05-09'),
('7972066429', 'TP-1', 'TD-04', 'Rudy', 'Matyja', '37190827550', 'RudyMatyja@gmail.com', 'Avenida 201 #117-Z 46Sur', '2008-12-09'),
('7989722065', 'TP-2', 'TD-04', 'Fabien', 'Holson', '36100991266', 'FabienHolson@gmail.com', 'Calle 115 #168-S 96Sur', '2011-06-26'),
('8002752671', 'TP-1', 'TD-02', 'Adelina', 'Klaff', '35697259989', 'AdelinaKlaff@gmail.com', 'Calle 37 #26-F 50Sur', '2004-10-15'),
('8004003495', 'TP-1', 'TD-01', 'Farrell', 'Fidelli', '30331946241', 'FarrellFidelli@gmail.com', 'Avenida 1 #8-N 7Sur', '2001-02-01'),
('8020608540', 'TP-1', 'TD-04', 'Eldridge', 'Cello', '32256337976', 'EldridgeCello@gmail.com', 'Carrera 35 #86-W 64Sur', '2000-08-20'),
('8021522866', 'TP-1', 'TD-02', 'Tabb', 'Corlett', '32154438573', 'TabbCorlett@gmail.com', 'Diagonal 6 #78-U 23Sur', '2010-01-17'),
('8036015821', 'TP-1', 'TD-01', 'Prentiss', 'Yashin', '35033265778', 'PrentissYashin@gmail.com', 'Diagonal 161 #155-S 82Sur', '2009-11-10'),
('8038773345', 'TP-1', 'TD-03', 'Efren', 'Acton', '32143777252', 'EfrenActon@gmail.com', 'Carrera 104 #27-H 71Sur', '2009-08-10'),
('8039970516', 'TP-1', 'TD-01', 'Coop', 'Pavlasek', '31127269806', 'CoopPavlasek@gmail.com', 'Carrera 121 #10-Y 14Sur', '2015-01-12'),
('8057109411', 'TP-1', 'TD-03', 'Annetta', 'Fruchter', '32184531537', 'AnnettaFruchter@gmail.com', 'Carrera 181 #94-N 62Sur', '2008-01-23'),
('8066947094', 'TP-1', 'TD-02', 'Barney', 'Bridewell', '35241654290', 'BarneyBridewell@gmail.com', 'Avenida 165 #36-I 1Sur', '2007-11-16'),
('8094218848', 'TP-1', 'TD-02', 'Issi', 'Canacott', '36965322036', 'IssiCanacott@gmail.com', 'Calle 161 #166-J 87Sur', '2000-07-24'),
('8104045116', 'TP-1', 'TD-01', 'Ethel', 'Norsister', '36683892245', 'EthelNorsister@gmail.com', 'Diagonal 40 #211-H 42Sur', '2006-10-17'),
('8118901150', 'TP-1', 'TD-01', 'Heindrick', 'Flight', '36738621916', 'HeindrickFlight2@gmail.com', 'Calle 203 #63-T 27Sur', '2010-06-17'),
('8121070587', 'TP-1', 'TD-04', 'Cece', 'Note', '35626603487', 'CeceNote@gmail.com', 'Avenida 113 #156-H 7Sur', '2002-02-03'),
('8124060598', 'TP-1', 'TD-04', 'Maurie', 'Miranda', '35435153404', 'MaurieMiranda@gmail.com', 'Diagonal 184 #56-Q 8Sur', '2007-09-29'),
('8139220993', 'TP-1', 'TD-01', 'Dale', 'Digwood', '37696059427', 'DaleDigwood@gmail.com', 'Carrera 47 #116-L 45Sur', '2004-02-21'),
('8147810646', 'TP-1', 'TD-01', 'Skye', 'Mertsching', '36617800673', 'SkyeMertsching@gmail.com', 'Avenida 99 #120-R 33Sur', '2012-05-21'),
('8152091984', 'TP-1', 'TD-02', 'Odie', 'Asel', '33968508564', 'OdieAsel@gmail.com', 'Diagonal 85 #134-I 27Sur', '2015-05-11'),
('8154929227', 'TP-1', 'TD-03', 'Martelle', 'Woollaston', '30804450682', 'MartelleWoollaston@gmail.com', 'Carrera 171 #181-M 79Sur', '2014-05-25'),
('8163107067', 'TP-2', 'TD-04', 'Rusty', 'Holson', '30440749761', 'RustyHolson@gmail.com', 'Tranversal 192 #117-L 42Sur', '2014-05-28'),
('8173820270', 'TP-1', 'TD-01', 'Matteo', 'Pellatt', '32618283447', 'MatteoPellatt@gmail.com', 'Calle 33 #182-M 77Sur', '2001-06-21'),
('8174146637', 'TP-1', 'TD-01', 'Elsi', 'Jagg', '33471821534', 'ElsiJagg@gmail.com', 'Carrera 129 #48-R 15Sur', '2007-10-23'),
('8182001430', 'TP-1', 'TD-04', 'Cullan', 'Joicey', '37672739545', 'CullanJoicey@gmail.com', 'Diagonal 30 #43-T 37Sur', '2014-09-01'),
('8185782509', 'TP-1', 'TD-04', 'Ezequiel', 'Bothram', '36581236727', 'EzequielBothram@gmail.com', 'Diagonal 154 #64-R 27Sur', '2002-01-28'),
('8192589448', 'TP-1', 'TD-01', 'Sherry', 'Naughton', '33723798986', 'SherryNaughton@gmail.com', 'Diagonal 160 #138-Y 32Sur', '2000-07-15'),
('8194367318', 'TP-1', 'TD-02', 'Chan', 'Wilkins', '30681050597', 'ChanWilkins@gmail.com', 'Tranversal 99 #47-D 63Sur', '2012-03-18'),
('8201828579', 'TP-1', 'TD-01', 'Valery', 'Viant', '34120227449', 'ValeryViant@gmail.com', 'Avenida 120 #26-G 93Sur', '2000-02-14'),
('8213448216', 'TP-1', 'TD-02', 'Allianora', 'Egginton', '36528809127', 'AllianoraEgginton@gmail.com', 'Diagonal 125 #101-U 22Sur', '2006-02-12'),
('8220265156', 'TP-1', 'TD-01', 'Laraine', 'Brion', '32586829706', 'LaraineBrion@gmail.com', 'Diagonal 52 #177-G 3Sur', '2001-09-21'),
('8240309005', 'TP-1', 'TD-01', 'Tann', 'Wasiela', '35499223100', 'TannWasiela@gmail.com', 'Tranversal 147 #7-G 29Sur', '2013-04-18'),
('8242188981', 'TP-1', 'TD-04', 'Arin', 'Keedy', '36956831897', 'ArinKeedy@gmail.com', 'Calle 118 #107-M 85Sur', '2004-06-27'),
('8247100002', 'TP-1', 'TD-04', 'Bevan', 'Sansam', '30201140320', 'BevanSansam@gmail.com', 'Carrera 215 #30-W 71Sur', '2003-06-09'),
('8263658495', 'TP-1', 'TD-04', 'Byron', 'OSheilds', '33265402747', 'ByronOSheilds@gmail.com', 'Calle 73 #33-T 62Sur', '2014-01-28'),
('8266815364', 'TP-1', 'TD-01', 'Dorry', 'Jorin', '35069951695', 'DorryJorin@gmail.com', 'Carrera 112 #124-V 96Sur', '2005-08-18'),
('8267234794', 'TP-1', 'TD-01', 'Bertina', 'Dawtry', '36521268069', 'BertinaDawtry@gmail.com', 'Calle 108 #212-Z 6Sur', '2006-02-05'),
('8279956896', 'TP-1', 'TD-04', 'Shem', 'Costanza', '37274813027', 'ShemCostanza@gmail.com', 'Avenida 166 #40-I 85Sur', '2014-03-22'),
('8284877092', 'TP-1', 'TD-02', 'Sid', 'Barnfield', '30034003942', 'SidBarnfield@gmail.com', 'Carrera 117 #162-B 52Sur', '2003-02-15'),
('8286764830', 'TP-1', 'TD-03', 'Noel', 'Lesslie', '33907985901', 'NoelLesslie@gmail.com', 'Avenida 177 #46-P 47Sur', '2010-12-20'),
('8313410983', 'TP-2', 'TD-04', 'Ambrosi', 'Shearn', '36578784453', 'AmbrosiShearn@gmail.com', 'Avenida 216 #52-M 28Sur', '2004-11-13'),
('8324741360', 'TP-1', 'TD-01', 'Abie', 'Lamswood', '30291105277', 'AbieLamswood@gmail.com', 'Calle 53 #3-L 5Sur', '2014-02-20'),
('8337956908', 'TP-1', 'TD-04', 'Sherry', 'Sorrie', '32691136241', 'SherrySorrie@gmail.com', 'Tranversal 68 #106-O 14Sur', '2015-01-04'),
('8346813324', 'TP-1', 'TD-02', 'Raoul', 'Kerfut', '34437208586', 'RaoulKerfut@gmail.com', 'Diagonal 141 #73-P 30Sur', '2004-05-14'),
('8385807263', 'TP-1', 'TD-02', 'Dorry', 'Jakab', '35340837652', 'DorryJakab@gmail.com', 'Avenida 112 #220-F 83Sur', '2002-10-31'),
('8387189874', 'TP-1', 'TD-04', 'Newton', 'Cargill', '35478547198', 'NewtonCargill@gmail.com', 'Calle 122 #8-D 9Sur', '2001-02-15'),
('8396317007', 'TP-1', 'TD-04', 'Diane', 'Bailles', '33883916256', 'DianeBailles@gmail.com', 'Tranversal 62 #41-S 39Sur', '2003-04-04'),
('8399167043', 'TP-1', 'TD-01', 'Corbet', 'Griswood', '34195444073', 'CorbetGriswood@gmail.com', 'Tranversal 171 #109-L 93Sur', '2014-10-08'),
('8402951460', 'TP-1', 'TD-01', 'Cullan', 'Canacott', '33610204330', 'CullanCanacott@gmail.com', 'Diagonal 133 #204-J 50Sur', '2001-05-27'),
('8423586739', 'TP-1', 'TD-02', 'Nolly', 'Cordero', '33689069483', 'NollyCordero@gmail.com', 'Tranversal 40 #65-F 95Sur', '2014-01-26'),
('8425694177', 'TP-1', 'TD-02', 'Portie', 'Rustich', '33017387523', 'PortieRustich@gmail.com', 'Tranversal 66 #33-L 69Sur', '2004-01-05'),
('8428692262', 'TP-1', 'TD-04', 'Russ', 'Adlem', '34312145508', 'RussAdlem@gmail.com', 'Calle 72 #107-C 49Sur', '2013-03-26'),
('8432267066', 'TP-1', 'TD-01', 'Brand', 'Ironmonger', '35105236105', 'BrandIronmonger@gmail.com', 'Tranversal 179 #147-N 66Sur', '2010-01-04'),
('8458284341', 'TP-1', 'TD-03', 'Valentijn', 'Huyche', '34532824296', 'ValentijnHuyche@gmail.com', 'Carrera 219 #74-I 79Sur', '2006-07-21'),
('8480963255', 'TP-1', 'TD-03', 'Marvin', 'Scowcroft', '32221643983', 'MarvinScowcroft@gmail.com', 'Tranversal 210 #9-F 27Sur', '2001-02-25'),
('8483330660', 'TP-1', 'TD-03', 'Jamie', 'Jagg', '30374996730', 'JamieJagg@gmail.com', 'Avenida 170 #189-A 69Sur', '2000-11-26'),
('8488731583', 'TP-2', 'TD-03', 'Reggis', 'Petrashov', '32777805248', 'ReggisPetrashov@gmail.com', 'Tranversal 50 #28-A 71Sur', '2010-07-28'),
('8498809286', 'TP-1', 'TD-03', 'Joel', 'Broady', '33359365089', 'JoelBroady@gmail.com', 'Calle 172 #196-V 94Sur', '2012-06-18'),
('8539643617', 'TP-1', 'TD-01', 'Westbrook', 'Juniper', '37530329517', 'WestbrookJuniper@gmail.com', 'Calle 60 #52-S 78Sur', '2014-10-11'),
('8542873522', 'TP-1', 'TD-01', 'Rikki', 'McCandie', '32039413612', 'RikkiMcCandie@gmail.com', 'Calle 139 #189-S 23Sur', '2000-01-06'),
('8551333473', 'TP-1', 'TD-04', 'Rickert', 'Bollen', '33524911845', 'RickertBollen@gmail.com', 'Diagonal 31 #208-Z 49Sur', '2012-12-17'),
('8565114885', 'TP-1', 'TD-04', 'Urbain', 'Adlem', '31564930779', 'UrbainAdlem@gmail.com', 'Carrera 60 #150-U 71Sur', '2001-02-14'),
('8569275945', 'TP-1', 'TD-03', 'Ignacius', 'Strowger', '32186976437', 'IgnaciusStrowger@gmail.com', 'Avenida 35 #7-Q 68Sur', '2009-04-18'),
('8585068616', 'TP-1', 'TD-02', 'Humphrey', 'Filpo', '32907504291', 'HumphreyFilpo@gmail.com', 'Diagonal 37 #52-R 39Sur', '2009-07-19'),
('8588831439', 'TP-1', 'TD-04', 'Gerry', 'Salkeld', '35852304608', 'GerrySalkeld@gmail.com', 'Calle 22 #108-R 49Sur', '2014-11-03'),
('8602563580', 'TP-1', 'TD-04', 'Silvano', 'Kantor', '31695272139', 'SilvanoKantor@gmail.com', 'Avenida 80 #220-M 74Sur', '2004-12-13'),
('8603803531', 'TP-1', 'TD-04', 'Moise', 'Neville', '36962835757', 'MoiseNeville@gmail.com', 'Avenida 27 #209-M 84Sur', '2002-11-27'),
('8604071452', 'TP-1', 'TD-03', 'Brunhilde', 'Deveril', '34411360320', 'BrunhildeDeveril@gmail.com', 'Diagonal 140 #74-J 30Sur', '2000-11-25'),
('8621963087', 'TP-1', 'TD-01', 'Odie', 'Shawel', '34290821267', 'OdieShawel@gmail.com', 'Tranversal 194 #31-D 44Sur', '2013-12-18'),
('8629442166', 'TP-1', 'TD-03', 'Sibylla', 'Jennions', '33223594691', 'SibyllaJennions@gmail.com', 'Diagonal 206 #5-P 31Sur', '2008-06-23'),
('8637636121', 'TP-1', 'TD-04', 'Hortense', 'Smales', '31970978981', 'HortenseSmales@gmail.com', 'Avenida 152 #91-T 84Sur', '2004-09-15'),
('8638321778', 'TP-2', 'TD-02', 'Lyle', 'Grono', '30389736064', 'LyleGrono@gmail.com', 'Avenida 152 #17-R 18Sur', '2003-09-02'),
('8643623143', 'TP-1', 'TD-04', 'Ulric', 'Izod', '31940263671', 'UlricIzod@gmail.com', 'Carrera 120 #14-P 7Sur', '2001-02-24'),
('8659188110', 'TP-1', 'TD-01', 'Zebadiah', 'Bazeley', '30172011482', 'ZebadiahBazeley@gmail.com', 'Calle 97 #194-X 57Sur', '2002-07-17'),
('8684619751', 'TP-1', 'TD-03', 'Israel', 'Noraway', '32515245253', 'IsraelNoraway@gmail.com', 'Avenida 135 #132-V 83Sur', '2012-02-05'),
('8685778020', 'TP-1', 'TD-03', 'Gun', 'Doll', '30427468008', 'GunDoll@gmail.com', 'Diagonal 10 #88-Y 86Sur', '2005-10-09'),
('8689285289', 'TP-1', 'TD-04', 'Davine', 'Mathely', '30151123749', 'DavineMathely@gmail.com', 'Avenida 197 #165-D 90Sur', '2009-12-13'),
('8691108841', 'TP-1', 'TD-02', 'Dael', 'Braidwood', '36720169340', 'DaelBraidwood@gmail.com', 'Calle 27 #35-X 4Sur', '2007-05-05'),
('8694016716', 'TP-1', 'TD-02', 'Winthrop', 'Faughny', '30721265863', 'WinthropFaughny@gmail.com', 'Diagonal 127 #210-U 41Sur', '2012-02-06'),
('8697716632', 'TP-1', 'TD-03', 'Vernen', 'Farry', '35475290050', 'VernenFarry@gmail.com', 'Carrera 16 #219-N 3Sur', '2010-07-21'),
('8698541340', 'TP-1', 'TD-01', 'Lorry', 'Frugier', '34083326865', 'LorryFrugier@gmail.com', 'Avenida 113 #30-P 54Sur', '2007-08-03'),
('8719834940', 'TP-1', 'TD-04', 'Blythe', 'Lynock', '32046782373', 'BlytheLynock@gmail.com', 'Diagonal 11 #42-C 68Sur', '2006-04-09'),
('8721643619', 'TP-1', 'TD-03', 'Maggie', 'Faughny', '33401381262', 'MaggieFaughny@gmail.com', 'Tranversal 49 #71-C 94Sur', '2014-04-20'),
('8728463493', 'TP-1', 'TD-02', 'Garwin', 'Kennerley', '32772889129', 'GarwinKennerley@gmail.com', 'Carrera 28 #201-M 50Sur', '2003-12-07'),
('8745298194', 'TP-1', 'TD-03', 'Darrel', 'Philo', '37670027112', 'DarrelPhilo@gmail.com', 'Tranversal 55 #138-H 63Sur', '2004-05-25'),
('8761218062', 'TP-1', 'TD-02', 'Grady', 'Sharpling', '35434111239', 'GradySharpling@gmail.com', 'Carrera 8 #204-V 7Sur', '2003-10-16'),
('8771345932', 'TP-1', 'TD-01', 'Eliot', 'Grassi', '34027102286', 'EliotGrassi@gmail.com', 'Diagonal 179 #200-F 91Sur', '2011-03-25'),
('8775203531', 'TP-1', 'TD-02', 'Arlyne', 'Eusden', '36500371511', 'ArlyneEusden@gmail.com', 'Tranversal 46 #136-G 82Sur', '2011-01-20'),
('8806491126', 'TP-1', 'TD-03', 'Dean', 'Rodd', '31022805251', 'DeanRodd@gmail.com', 'Calle 104 #15-Y 84Sur', '2002-12-16'),
('8807544475', 'TP-1', 'TD-04', 'Ernest', 'Choulerton', '32726367326', 'ErnestChoulerton@gmail.com', 'Avenida 60 #181-J 59Sur', '2001-03-14'),
('8825302688', 'TP-1', 'TD-03', 'Maximo', 'Buessen', '35991057960', 'MaximoBuessen@gmail.com', 'Avenida 170 #113-J 63Sur', '2012-02-13'),
('8828234431', 'TP-1', 'TD-04', 'Noni', 'Chaffen', '30606970489', 'NoniChaffen@gmail.com', 'Avenida 19 #197-R 51Sur', '2000-01-19'),
('8836469796', 'TP-1', 'TD-03', 'Darby', 'Kitman', '30144868057', 'DarbyKitman@gmail.com', 'Avenida 67 #220-U 25Sur', '2002-10-08'),
('8838765679', 'TP-1', 'TD-03', 'Derek', 'Farry', '30950957754', 'DerekFarry@gmail.com', 'Avenida 28 #78-I 19Sur', '2012-05-13'),
('8840573571', 'TP-2', 'TD-04', 'Fraser', 'Gonin', '34989066091', 'FraserGonin@gmail.com', 'Carrera 103 #82-N 43Sur', '2015-06-01'),
('8848314608', 'TP-1', 'TD-04', 'Vonni', 'Biddy', '32549343445', 'VonniBiddy@gmail.com', 'Carrera 196 #36-P 74Sur', '2008-02-23'),
('8849086372', 'TP-1', 'TD-03', 'Noe', 'Wilkins', '31494154837', 'NoeWilkins@gmail.com', 'Diagonal 140 #200-M 22Sur', '2006-01-30'),
('8849531184', 'TP-1', 'TD-04', 'Viki', 'DAlesio', '35935669688', 'VikiDAlesio@gmail.com', 'Tranversal 69 #92-V 72Sur', '2014-05-13'),
('8859188858', 'TP-1', 'TD-01', 'Mandy', 'Vlasov', '35592703630', 'MandyVlasov@gmail.com', 'Diagonal 212 #161-R 56Sur', '2013-07-18'),
('8868402424', 'TP-1', 'TD-03', 'Stearn', 'Tsarovic', '36495308632', 'StearnTsarovic@gmail.com', 'Avenida 67 #99-B 55Sur', '2004-06-15'),
('8882092561', 'TP-1', 'TD-04', 'Darius', 'Kopf', '36613983638', 'DariusKopf@gmail.com', 'Calle 172 #165-W 14Sur', '2003-10-01'),
('8918157933', 'TP-1', 'TD-02', 'Tann', 'Oneill', '37019382060', 'TannOneill@gmail.com', 'Carrera 114 #111-I 40Sur', '2002-04-24'),
('8923568080', 'TP-3', 'TD-04', 'Hyacinthia', 'Ivachyov', '37531614642', 'HyacinthiaIvachyov@gmail.com', 'Carrera 23 #6-F 75Sur', '2010-01-06'),
('8925730418', 'TP-1', 'TD-03', 'Stanwood', 'Garner', '33966740809', 'StanwoodGarner@gmail.com', 'Avenida 133 #217-K 59Sur', '2015-05-03'),
('8932508344', 'TP-1', 'TD-01', 'Kris', 'Ironmonger', '35560278628', 'KrisIronmonger@gmail.com', 'Carrera 195 #5-Z 36Sur', '2012-05-03'),
('8932526521', 'TP-2', 'TD-01', 'Humphrey', 'Kiln', '33816273165', 'HumphreyKiln@gmail.com', 'Diagonal 109 #125-M 86Sur', '2004-08-30'),
('8937451863', 'TP-1', 'TD-04', 'Clarke', 'Thomton', '31676196613', 'ClarkeThomton@gmail.com', 'Avenida 186 #149-P 36Sur', '2003-08-08'),
('8939416894', 'TP-1', 'TD-03', 'Bondie', 'Flannigan', '37708791075', 'BondieFlannigan@gmail.com', 'Avenida 182 #56-P 41Sur', '2008-06-22'),
('8939436832', 'TP-1', 'TD-03', 'Natal', 'Gallimore', '30771323506', 'NatalGallimore@gmail.com', 'Avenida 125 #107-U 89Sur', '2007-07-29'),
('8953697501', 'TP-1', 'TD-01', 'Effie', 'Burbage', '35107601051', 'EffieBurbage@gmail.com', 'Tranversal 122 #36-H 37Sur', '2015-11-05'),
('8953967671', 'TP-2', 'TD-03', 'Mable', 'Foxten', '36406309783', 'MableFoxten@gmail.com', 'Avenida 30 #111-M 49Sur', '2010-09-10'),
('8970401994', 'TP-1', 'TD-02', 'Ashia', 'Simkovich', '34361089341', 'AshiaSimkovich@gmail.com', 'Avenida 53 #93-I 34Sur', '2007-09-26'),
('8989959524', 'TP-1', 'TD-03', 'Lorilyn', 'Blase', '35966381191', 'LorilynBlase@gmail.com', 'Carrera 214 #79-A 10Sur', '2004-10-06'),
('9032460035', 'TP-1', 'TD-03', 'Randie', 'Fullerton', '36561188388', 'RandieFullerton@gmail.com', 'Calle 23 #210-T 17Sur', '2015-01-10'),
('9032955053', 'TP-1', 'TD-03', 'Harmonie', 'Bydaway', '33443045883', 'HarmonieBydaway@gmail.com', 'Carrera 174 #159-D 58Sur', '2004-09-19'),
('9041015311', 'TP-1', 'TD-03', 'Teodor', 'Jacques', '36758326413', 'TeodorJacques@gmail.com', 'Tranversal 11 #19-D 1Sur', '2007-02-08'),
('9073790749', 'TP-1', 'TD-02', 'Fabien', 'Fugere', '30904342807', 'FabienFugere@gmail.com', 'Calle 111 #49-E 22Sur', '2011-06-05'),
('9078630218', 'TP-1', 'TD-02', 'Merrel', 'Pachmann', '37429697015', 'MerrelPachmann@gmail.com', 'Calle 68 #56-D 78Sur', '2001-04-27'),
('9084700193', 'TP-1', 'TD-04', 'Erhart', 'Yeates', '30207890869', 'ErhartYeates@gmail.com', 'Avenida 71 #31-A 82Sur', '2007-09-18'),
('9087245993', 'TP-1', 'TD-01', 'Mitch', 'Hubatsch', '35467015074', 'MitchHubatsch@gmail.com', 'Tranversal 182 #125-Y 53Sur', '2005-02-19'),
('9096269194', 'TP-1', 'TD-03', 'Blythe', 'Top', '30505445291', 'BlytheTop@gmail.com', 'Carrera 96 #130-Q 66Sur', '2014-07-14'),
('9100342723', 'TP-1', 'TD-02', 'Dinny', 'Cool', '35634238093', 'DinnyCool@gmail.com', 'Tranversal 31 #152-A 6Sur', '2000-05-12'),
('9135212208', 'TP-1', 'TD-02', 'Corbet', 'Housley', '36543367662', 'CorbetHousley@gmail.com', 'Carrera 135 #43-K 61Sur', '2008-01-25'),
('9140681441', 'TP-1', 'TD-04', 'Charmine', 'Padgett', '36553842278', 'CharminePadgett@gmail.com', 'Avenida 107 #168-L 58Sur', '2003-03-04'),
('9158890600', 'TP-1', 'TD-04', 'Maximo', 'Reichelt', '34514431505', 'MaximoReichelt@gmail.com', 'Tranversal 28 #87-G 13Sur', '2004-12-18'),
('9171943524', 'TP-1', 'TD-01', 'Branden', 'Worg', '34269790042', 'BrandenWorg@gmail.com', 'Diagonal 92 #152-Q 87Sur', '2012-02-08'),
('9191692695', 'TP-1', 'TD-02', 'Rose', 'Turpie', '32600653008', 'RoseTurpie@gmail.com', 'Avenida 138 #109-Y 50Sur', '2007-01-25'),
('9192508477', 'TP-1', 'TD-02', 'Valentijn', 'McKiddin', '30858737846', 'ValentijnMcKiddin@gmail.com', 'Tranversal 105 #203-S 37Sur', '2008-10-14'),
('9193590983', 'TP-1', 'TD-02', 'Jessie', 'Wade', '30807090608', 'JessieWade@gmail.com', 'Calle 49 #173-E 80Sur', '2007-09-30'),
('9197249827', 'TP-1', 'TD-02', 'Charis', 'MacKean', '32928828021', 'CharisMacKean@gmail.com', 'Carrera 84 #116-Y 48Sur', '2008-12-26'),
('9240324544', 'TP-1', 'TD-04', 'Flory', 'Cary', '33506887850', 'FloryCary@gmail.com', 'Tranversal 47 #75-N 52Sur', '2000-07-13'),
('9241979279', 'TP-1', 'TD-03', 'Prinz', 'Fissenden', '36353746599', 'PrinzFissenden@gmail.com', 'Calle 215 #207-B 42Sur', '2013-03-09'),
('9242746319', 'TP-2', 'TD-02', 'Rusty', 'Risman', '33736492179', 'RustyRisman@gmail.com', 'Diagonal 55 #150-S 36Sur', '2010-01-23'),
('9268200721', 'TP-1', 'TD-01', 'Gun', 'Swane', '35088881313', 'GunSwane@gmail.com', 'Carrera 97 #70-B 12Sur', '2011-12-17'),
('9275122220', 'TP-1', 'TD-01', 'Giffy', 'Dalwood', '36218170031', 'GiffyDalwood@gmail.com', 'Calle 143 #216-W 99Sur', '2014-02-01'),
('9283385618', 'TP-1', 'TD-02', 'Jarib', 'Eskrigg', '33825841925', 'JaribEskrigg@gmail.com', 'Tranversal 206 #72-Q 24Sur', '2006-01-16'),
('9297152732', 'TP-1', 'TD-01', 'Virgie', 'Valente', '34804628694', 'VirgieValente@gmail.com', 'Carrera 128 #78-C 67Sur', '2001-10-01'),
('9308982544', 'TP-1', 'TD-03', 'Piggy', 'Eagleton', '31997154630', 'PiggyEagleton@gmail.com', 'Calle 112 #42-S 59Sur', '2001-05-20'),
('9309989398', 'TP-1', 'TD-01', 'Kristo', 'Mercik', '35110022606', 'KristoMercik@gmail.com', 'Carrera 31 #20-P 79Sur', '2014-08-17'),
('9313047762', 'TP-3', 'TD-03', 'Horton', 'Dupree', '33631354392', 'HortonDupree@gmail.com', 'Diagonal 4 #32-Z 94Sur', '2012-10-03'),
('9318383189', 'TP-1', 'TD-03', 'Margery', 'Buttrey', '32921429703', 'MargeryButtrey@gmail.com', 'Carrera 152 #158-J 31Sur', '2014-02-19'),
('9328510777', 'TP-1', 'TD-02', 'Jerrie', 'Lamswood', '31394459352', 'JerrieLamswood@gmail.com', 'Calle 134 #62-E 93Sur', '2001-01-09'),
('9331457337', 'TP-1', 'TD-04', 'Kinsley', 'Mellonby', '31500053797', 'KinsleyMellonby@gmail.com', 'Avenida 100 #189-R 15Sur', '2014-06-04'),
('9332555833', 'TP-1', 'TD-03', 'Linda', 'Antal', '37712584598', 'LindaAntal@gmail.com', 'Diagonal 139 #135-I 45Sur', '2001-08-18'),
('9338369526', 'TP-1', 'TD-04', 'Galven', 'Ilyenko', '32778198639', 'GalvenIlyenko@gmail.com', 'Calle 24 #64-A 21Sur', '2012-03-02'),
('9341554710', 'TP-2', 'TD-02', 'William', 'Furnival', '35794703103', 'WilliamFurnival@gmail.com', 'Calle 138 #6-U 72Sur', '2003-12-17'),
('9373225841', 'TP-1', 'TD-01', 'Murray', 'Choulerton', '31782497522', 'MurrayChoulerton@gmail.com', 'Carrera 56 #115-Q 63Sur', '2005-01-18'),
('9374045509', 'TP-1', 'TD-03', 'Ray', 'Dukesbury', '31227115053', 'RayDukesbury@gmail.com', 'Tranversal 158 #197-F 69Sur', '2001-04-15'),
('9388474468', 'TP-1', 'TD-02', 'Leda', 'Treasure', '34960648439', 'LedaTreasure@gmail.com', 'Tranversal 8 #5-S 41Sur', '2007-11-18'),
('9397274293', 'TP-1', 'TD-01', 'Dougy', 'Mathers', '35907949071', 'DougyMathers@gmail.com', 'Tranversal 68 #212-N 98Sur', '2009-03-25'),
('9401127054', 'TP-1', 'TD-02', 'Orsa', 'Spataro', '35839611307', 'OrsaSpataro@gmail.com', 'Tranversal 157 #14-C 74Sur', '2008-08-30'),
('9428185229', 'TP-1', 'TD-02', 'Geno', 'Drewry', '34584444407', 'GenoDrewry@gmail.com', 'Avenida 45 #163-U 81Sur', '2012-10-01'),
('9440675551', 'TP-1', 'TD-04', 'Beatrice', 'Scobbie', '37679808504', 'BeatriceScobbie@gmail.com', 'Calle 3 #24-N 23Sur', '2005-04-07'),
('9441444929', 'TP-1', 'TD-04', 'Rob', 'Molden', '35061385725', 'RobMolden@gmail.com', 'Diagonal 143 #195-D 55Sur', '2011-01-12'),
('9442239081', 'TP-2', 'TD-03', 'Papageno', 'Brough', '34871572128', 'PapagenoBrough@gmail.com', 'Calle 108 #12-Y 34Sur', '2006-09-30'),
('9449037889', 'TP-1', 'TD-04', 'Valentin', 'MacKettrick', '36312623720', 'ValentinMacKettrick@gmail.com', 'Tranversal 66 #49-Q 53Sur', '2003-07-20'),
('9451578054', 'TP-1', 'TD-03', 'Marwin', 'Paroni', '32782886821', 'MarwinParoni@gmail.com', 'Calle 141 #18-H 83Sur', '2008-12-15'),
('9457278903', 'TP-1', 'TD-03', 'Bonnee', 'Yeates', '36770638689', 'BonneeYeates@gmail.com', 'Avenida 72 #61-W 93Sur', '2005-07-09'),
('9458542289', 'TP-2', 'TD-02', 'Bord', 'Bottrill', '37084540451', 'BordBottrill@gmail.com', 'Calle 6 #73-C 56Sur', '2014-12-05'),
('9464202771', 'TP-1', 'TD-04', 'Elizabeth', 'Innott', '33395273670', 'ElizabethInnott@gmail.com', 'Avenida 77 #113-I 47Sur', '2011-12-09'),
('9483591857', 'TP-1', 'TD-03', 'Carmine', 'Dorow', '37133188364', 'CarmineDorow@gmail.com', 'Tranversal 63 #29-M 88Sur', '2010-04-19'),
('9485945563', 'TP-1', 'TD-02', 'Amity', 'Dumphries', '32367742949', 'AmityDumphries@gmail.com', 'Calle 21 #66-P 71Sur', '2007-12-03'),
('9489904431', 'TP-1', 'TD-02', 'Edouard', 'Sipson', '31765174913', 'EdouardSipson@gmail.com', 'Avenida 88 #26-I 42Sur', '2004-03-21'),
('9513166814', 'TP-1', 'TD-04', 'Clarette', 'Griswood', '37649799120', 'ClaretteGriswood@gmail.com', 'Carrera 132 #11-T 66Sur', '2006-07-27'),
('9513286309', 'TP-1', 'TD-02', 'Reynold', 'Harg', '33919139033', 'ReynoldHarg@gmail.com', 'Tranversal 75 #90-A 69Sur', '2001-01-18'),
('9524667887', 'TP-1', 'TD-02', 'Janenna', 'Leivesley', '30962943930', 'JanennaLeivesley@gmail.com', 'Tranversal 16 #195-N 72Sur', '2006-05-24'),
('9531569070', 'TP-1', 'TD-04', 'Mitchael', 'Scobbie', '37580619630', 'MitchaelScobbie@gmail.com', 'Diagonal 118 #187-V 59Sur', '2001-02-20'),
('9545617246', 'TP-1', 'TD-04', 'Durante', 'Frugier', '31556059172', 'DuranteFrugier@gmail.com', 'Diagonal 152 #13-O 12Sur', '2014-07-18'),
('9578468158', 'TP-1', 'TD-01', 'Darill', 'Keedy', '31670803565', 'DarillKeedy@gmail.com', 'Calle 156 #107-V 37Sur', '2003-09-02'),
('9602080152', 'TP-1', 'TD-01', 'Jarad', 'Brauner', '34225344959', 'JaradBrauner@gmail.com', 'Calle 138 #135-N 42Sur', '2002-05-06'),
('9602337989', 'TP-1', 'TD-03', 'Dominic', 'Rackstraw', '31099530194', 'DominicRackstraw@gmail.com', 'Avenida 80 #181-L 88Sur', '2006-06-14'),
('9614170382', 'TP-1', 'TD-03', 'Ara', 'Penwright', '37421825390', 'AraPenwright@gmail.com', 'Diagonal 130 #198-N 99Sur', '2009-11-27'),
('9618957228', 'TP-1', 'TD-01', 'Davine', 'Fuentez', '32542749045', 'DavineFuentez@gmail.com', 'Avenida 183 #93-J 48Sur', '2010-01-01'),
('9641212325', 'TP-1', 'TD-03', 'Alaric', 'Debrick', '37638109560', 'AlaricDebrick@gmail.com', 'Calle 217 #123-D 89Sur', '2010-12-30'),
('9645020704', 'TP-1', 'TD-03', 'Rhys', 'Jacquemot', '30638007369', 'RhysJacquemot@gmail.com', 'Tranversal 202 #108-K 18Sur', '2011-03-02'),
('9650410878', 'TP-2', 'TD-01', 'Thedric', 'Tordoff', '36132445623', 'ThedricTordoff@gmail.com', 'Avenida 146 #51-X 26Sur', '2007-09-27'),
('9651512256', 'TP-2', 'TD-01', 'Stearn', 'Tullett', '35552580626', 'StearnTullett@gmail.com', 'Carrera 131 #176-X 75Sur', '2015-09-14'),
('9695991016', 'TP-1', 'TD-01', 'Mar', 'Dyne', '30168334697', 'MarDyne@gmail.com', 'Calle 90 #57-O 54Sur', '2013-03-26'),
('9705230658', 'TP-1', 'TD-02', 'Basilio', 'Canadas', '36517165491', 'BasilioCanadas@gmail.com', 'Diagonal 155 #8-L 52Sur', '2013-10-14'),
('9721355375', 'TP-1', 'TD-02', 'Davidde', 'DAlesio', '34592129549', 'DaviddeDAlesio@gmail.com', 'Calle 177 #28-J 17Sur', '2013-06-03'),
('9723996871', 'TP-1', 'TD-01', 'Griswold', 'DAlesio', '30252049113', 'GriswoldDAlesio@gmail.com', 'Calle 12 #185-V 45Sur', '2001-11-19'),
('9743682150', 'TP-1', 'TD-01', 'Quintus', 'Buttrey', '34090644151', 'QuintusButtrey@gmail.com', 'Diagonal 200 #123-Y 85Sur', '2007-07-07'),
('9750486263', 'TP-1', 'TD-04', 'Rowland', 'Vidgeon', '35963782368', 'RowlandVidgeon@gmail.com', 'Diagonal 164 #190-L 40Sur', '2003-09-16'),
('9769516255', 'TP-1', 'TD-02', 'Dilly', 'Balfe', '33164973799', 'DillyBalfe@gmail.com', 'Carrera 4 #16-F 42Sur', '2012-04-24'),
('9778542002', 'TP-1', 'TD-04', 'Amye', 'Tenny', '34708047430', 'AmyeTenny@gmail.com', 'Diagonal 197 #181-H 25Sur', '2011-09-06'),
('9782625072', 'TP-1', 'TD-02', 'Dore', 'Anfossi', '30337121411', 'DoreAnfossi@gmail.com', 'Tranversal 4 #33-T 95Sur', '2012-03-01'),
('9789010339', 'TP-1', 'TD-01', 'Hewet', 'Behr', '30406225262', 'HewetBehr@gmail.com', 'Diagonal 207 #186-B 16Sur', '2002-07-28'),
('9806420941', 'TP-1', 'TD-02', 'Mack', 'Brugh', '34895190688', 'MackBrugh@gmail.com', 'Tranversal 26 #158-V 52Sur', '2001-08-13'),
('9807253178', 'TP-1', 'TD-02', 'Melosa', 'Freckelton', '33424431632', 'MelosaFreckelton@gmail.com', 'Tranversal 218 #103-Z 86Sur', '2015-09-07'),
('9808722576', 'TP-2', 'TD-01', 'Katusha', 'Adacot', '31374357359', 'KatushaAdacot@gmail.com', 'Carrera 27 #53-Y 46Sur', '2003-06-22'),
('9812693378', 'TP-1', 'TD-04', 'Jamie', 'Adshede', '33009389490', 'JamieAdshede@gmail.com', 'Diagonal 104 #197-H 2Sur', '2013-11-17'),
('9821266399', 'TP-1', 'TD-01', 'Bondie', 'Sowman', '35064643375', 'BondieSowman@gmail.com', 'Calle 128 #124-Q 72Sur', '2015-02-01'),
('9843847689', 'TP-1', 'TD-01', 'Stearn', 'Coushe', '34120411089', 'StearnCoushe@gmail.com', 'Avenida 215 #210-Y 79Sur', '2005-06-18'),
('9854870033', 'TP-1', 'TD-03', 'Nissie', 'Masse', '34456725623', 'NissieMasse@gmail.com', 'Calle 208 #77-O 8Sur', '2002-08-08'),
('9861972560', 'TP-1', 'TD-03', 'Sondra', 'Cornier', '33514278121', 'SondraCornier@gmail.com', 'Calle 16 #15-C 95Sur', '2008-03-22'),
('9873106217', 'TP-1', 'TD-03', 'Luz', 'Bernaldo', '31154316015', 'LuzBernaldo@gmail.com', 'Diagonal 180 #58-M 48Sur', '2001-11-01'),
('9874624156', 'TP-1', 'TD-03', 'Oates', 'Pavlasek', '30429576326', 'OatesPavlasek@gmail.com', 'Avenida 104 #65-T 16Sur', '2006-10-19'),
('9881060223', 'TP-1', 'TD-04', 'Russ', 'Jest', '36590280156', 'RussJest@gmail.com', 'Diagonal 4 #44-B 32Sur', '2000-01-12'),
('9885052058', 'TP-1', 'TD-04', 'Ranique', 'Pigeon', '32980385769', 'RaniquePigeon@gmail.com', 'Calle 115 #189-X 38Sur', '2008-07-23'),
('9894152676', 'TP-1', 'TD-01', 'Merle', 'Mathely', '30491504975', 'MerleMathely@gmail.com', 'Avenida 123 #99-N 5Sur', '2012-10-31'),
('9911430125', 'TP-1', 'TD-01', 'Tam', 'Lynock', '35320328994', 'TamLynock@gmail.com', 'Calle 24 #216-G 45Sur', '2015-08-27'),
('9916628560', 'TP-1', 'TD-01', 'Ax', 'Rowntree', '34453048710', 'AxRowntree@gmail.com', 'Carrera 109 #6-C 51Sur', '2002-12-25'),
('9924551417', 'TP-1', 'TD-03', 'Constantino', 'Ventham', '37700268036', 'ConstantinoVentham@gmail.com', 'Avenida 117 #41-Y 28Sur', '2009-06-10'),
('9940086978', 'TP-1', 'TD-02', 'Creigh', 'Kitman', '35037917309', 'CreighKitman@gmail.com', 'Avenida 149 #150-I 16Sur', '2001-10-10'),
('9966631711', 'TP-1', 'TD-02', 'Cyndy', 'Schollar', '32022639947', 'CyndySchollar@gmail.com', 'Tranversal 27 #210-X 6Sur', '2007-07-01'),
('9974983332', 'TP-1', 'TD-02', 'Sigismondo', 'Jacques', '37703477690', 'SigismondoJacques@gmail.com', 'Carrera 115 #72-L 49Sur', '2012-06-16'),
('9978094517', 'TP-1', 'TD-04', 'Sampson', 'Bennet', '34815719294', 'SampsonBennet@gmail.com', 'Carrera 150 #111-C 86Sur', '2008-01-22'),
('9983075355', 'TP-1', 'TD-04', 'Archy', 'Schollar', '32698847957', 'ArchySchollar@gmail.com', 'Avenida 205 #157-T 20Sur', '2000-05-29'),
('9988992577', 'TP-1', 'TD-01', 'Hyacinthia', 'Malatalant', '34943823540', 'HyacinthiaMalatalant@gmail.com', 'Diagonal 139 #143-E 13Sur', '2010-04-27'),
('9990372669', 'TP-1', 'TD-01', 'Burgess', 'Frossell', '33278268297', 'BurgessFrossell@gmail.com', 'Diagonal 45 #81-I 58Sur', '2006-05-27');

INSERT INTO tb_personas (TbP_ID_Personas, TbP_Tipo_Personas, TbP_Tipo_Documento, TbP_Nombre, TbP_Apellido, TbP_Telefono, TbP_Direccion_Email, TbP_Direccion, TbP_Fecha_Nacimiento) VALUES
('1000257690', 'TP-1', 'TD-01', 'Vinny', 'Archbould', '32687449145', 'VinnyArchbould@gmail.com', 'Diagonal 188 #95-M 74Sur', '2003-04-07'),
('1005936132', 'TP-1', 'TD-04', 'Rikki', 'Rowsel', '36191047186', 'RikkiRowsel@gmail.com', 'Diagonal 63 #11-E 25Sur', '2009-05-31'),
('1005948955', 'TP-1', 'TD-02', 'Clayton', 'Prickett', '34229632523', 'ClaytonPrickett@gmail.com', 'Tranversal 215 #125-N 98Sur', '2011-03-06'),
('1037182263', 'TP-1', 'TD-03', 'Westbrook', 'Gaish', '32698775165', 'WestbrookGaish@gmail.com', 'Carrera 134 #179-A 43Sur', '2010-04-18'),
('1052837042', 'TP-1', 'TD-04', 'Virgie', 'Stewart', '35067949348', 'VirgieStewart@gmail.com', 'Calle 165 #170-G 60Sur', '2015-03-07'),
('1056272874', 'TP-1', 'TD-02', 'Larisa', 'Genn', '33191351063', 'LarisaGenn@gmail.com', 'Diagonal 184 #77-J 86Sur', '2001-09-04'),
('1058128071', 'TP-1', 'TD-03', 'Portie', 'Leat', '34808949472', 'PortieLeat@gmail.com', 'Carrera 183 #177-E 43Sur', '2004-03-27'),
('1059228966', 'TP-1', 'TD-02', 'Woodman', 'Munehay', '36772564166', 'WoodmanMunehay@gmail.com', 'Tranversal 131 #92-Q 40Sur', '2003-09-28'),
('1062996032', 'TP-1', 'TD-04', 'Nickolai', 'Yglesias', '35638832332', 'NickolaiYglesias@gmail.com', 'Avenida 84 #26-Q 65Sur', '2015-05-13'),
('1086190438', 'TP-1', 'TD-01', 'Clarance', 'Martinek', '37056471224', 'ClaranceMartinek@gmail.com', 'Tranversal 67 #38-U 93Sur', '2003-09-13'),
('1101703202', 'TP-1', 'TD-01', 'Sayer', 'Fredy', '30962029915', 'SayerFredy@gmail.com', 'Carrera 35 #186-Z 17Sur', '2011-05-24'),
('1117663269', 'TP-1', 'TD-04', 'Samara', 'Janaway', '37099981408', 'SamaraJanaway@gmail.com', 'Calle 8 #127-R 53Sur', '2015-12-28'),
('1123203714', 'TP-1', 'TD-04', 'Dael', 'McKinless', '32725890469', 'DaelMcKinless@gmail.com', 'Diagonal 139 #195-F 48Sur', '2015-02-04'),
('1132325430', 'TP-1', 'TD-02', 'Stephi', 'Simonaitis', '36096566109', 'StephiSimonaitis@gmail.com', 'Carrera 187 #17-L 35Sur', '2012-01-28'),
('1168808556', 'TP-1', 'TD-02', 'Noe', 'Sharpling', '35128752229', 'NoeSharpling@gmail.com', 'Calle 63 #2-A 7Sur', '2007-05-03'),
('1175843326', 'TP-1', 'TD-04', 'Katuscha', 'Yashin', '30001592155', 'KatuschaYashin@gmail.com', 'Avenida 128 #49-G 78Sur', '2010-12-06'),
('1176722804', 'TP-1', 'TD-01', 'Alvina', 'McBrady', '34618187843', 'AlvinaMcBrady@gmail.com', 'Diagonal 160 #124-D 31Sur', '2002-06-18'),
('1199975396', 'TP-1', 'TD-03', 'Trenton', 'Widdup', '36376578515', 'TrentonWiddup@gmail.com', 'Avenida 68 #158-Z 4Sur', '2010-11-01'),
('1200294904', 'TP-1', 'TD-04', 'Miles', 'Bazeley', '34687484235', 'MilesBazeley@gmail.com', 'Tranversal 200 #23-Y 85Sur', '2010-09-11'),
('1202422772', 'TP-1', 'TD-03', 'Bran', 'Bullman', '35646883555', 'BranBullman@gmail.com', 'Tranversal 62 #83-F 31Sur', '2006-01-05'),
('1215115612', 'TP-1', 'TD-01', 'Ellary', 'McKiddin', '37521499427', 'EllaryMcKiddin@gmail.com', 'Tranversal 209 #43-K 97Sur', '2001-10-13'),
('1234123906', 'TP-1', 'TD-02', 'Edouard', 'Thomton', '37212907247', 'EdouardThomton@gmail.com', 'Carrera 196 #102-Q 25Sur', '2008-12-29'),
('1240920450', 'TP-1', 'TD-03', 'Mitchel', 'Shoute', '36995430313', 'MitchelShoute@gmail.com', 'Tranversal 43 #187-T 91Sur', '2007-03-02'),
('1241883856', 'TP-1', 'TD-01', 'Dougy', 'Frankland', '35875936157', 'DougyFrankland@gmail.com', 'Avenida 61 #197-I 67Sur', '2007-10-28'),
('1260120741', 'TP-1', 'TD-04', 'Prentiss', 'Ivachyov', '32121231986', 'PrentissIvachyov@gmail.com', 'Avenida 65 #189-W 57Sur', '2014-05-28'),
('1264990741', 'TP-1', 'TD-01', 'Eveline', 'Tsarovic', '35702790878', 'EvelineTsarovic@gmail.com', 'Carrera 69 #121-N 63Sur', '2009-07-18'),
('1265370295', 'TP-1', 'TD-01', 'Vaughan', 'Shyres', '31664936361', 'VaughanShyres@gmail.com', 'Tranversal 166 #5-P 44Sur', '2007-05-08'),
('1265643002', 'TP-1', 'TD-04', 'Archy', 'Hayball', '31211306819', 'ArchyHayball@gmail.com', 'Avenida 116 #120-F 82Sur', '2014-09-18'),
('1278095628', 'TP-1', 'TD-04', 'Dennet', 'Gindghill', '30815638734', 'DennetGindghill@gmail.com', 'Diagonal 41 #54-Z 74Sur', '2002-10-22'),
('1280127509', 'TP-1', 'TD-02', 'Edi', 'Carik', '33456602401', 'EdiCarik@gmail.com', 'Tranversal 46 #192-F 53Sur', '2003-02-23'),
('1297899072', 'TP-1', 'TD-01', 'Baxter', 'Gerretsen', '37356139161', 'BaxterGerretsen@gmail.com', 'Calle 219 #98-J 7Sur', '2004-08-21'),
('1313659169', 'TP-1', 'TD-03', 'Garwin', 'Biasini', '30839196918', 'GarwinBiasini@gmail.com', 'Carrera 178 #37-L 61Sur', '2013-07-03'),
('1319164569', 'TP-1', 'TD-03', 'Ulric', 'Pordal', '30236913317', 'UlricPordal@gmail.com', 'Tranversal 133 #65-A 94Sur', '2001-08-29'),
('1348303338', 'TP-1', 'TD-02', 'Papageno', 'Pitcher', '33180022610', 'PapagenoPitcher@gmail.com', 'Calle 18 #69-O 65Sur', '2003-07-14'),
('1351083008', 'TP-1', 'TD-04', 'Brenden', 'Playhill', '32476365862', 'BrendenPlayhill@gmail.com', 'Carrera 129 #90-F 25Sur', '2014-08-14'),
('1351726035', 'TP-1', 'TD-02', 'Orsa', 'Osgarby', '37748756567', 'OrsaOsgarby@gmail.com', 'Calle 204 #7-J 12Sur', '2007-12-22'),
('1371243249', 'TP-1', 'TD-01', 'Josselyn', 'Simkin', '37259235629', 'JosselynSimkin@gmail.com', 'Avenida 9 #216-J 97Sur', '2007-07-26'),
('1377666992', 'TP-1', 'TD-02', 'Kyla', 'Benbough', '33419680170', 'KylaBenbough@gmail.com', 'Tranversal 14 #175-F 35Sur', '2011-05-19'),
('1389320871', 'TP-1', 'TD-03', 'Olly', 'Febvre', '36996854396', 'OllyFebvre@gmail.com', 'Avenida 20 #18-Z 21Sur', '2010-08-13'),
('1391651537', 'TP-1', 'TD-02', 'Karie', 'Shearn', '30573972165', 'KarieShearn@gmail.com', 'Tranversal 203 #48-K 87Sur', '2008-03-13'),
('1407789628', 'TP-1', 'TD-02', 'Ivor', 'Ironmonger', '30654848360', 'IvorIronmonger@gmail.com', 'Tranversal 220 #196-Z 51Sur', '2011-12-20'),
('1408689751', 'TP-1', 'TD-01', 'Addia', 'Hillam', '32426996925', 'AddiaHillam@gmail.com', 'Diagonal 146 #171-D 75Sur', '2007-02-06'),
('1417126007', 'TP-1', 'TD-04', 'Orland', 'Treasure', '33317592000', 'OrlandTreasure@gmail.com', 'Diagonal 48 #4-W 47Sur', '2002-11-27'),
('1422884577', 'TP-1', 'TD-02', 'Brand', 'DAlesio', '37482978811', 'BrandDAlesio@gmail.com', 'Avenida 166 #174-B 32Sur', '2002-01-14'),
('1436580468', 'TP-1', 'TD-01', 'Rustie', 'Elcombe', '35136097844', 'RustieElcombe@gmail.com', 'Diagonal 114 #72-V 16Sur', '2000-08-18'),
('1437669500', 'TP-1', 'TD-02', 'Woodman', 'Eusden', '32602661456', 'WoodmanEusden@gmail.com', 'Carrera 26 #159-S 55Sur', '2010-03-10'),
('1439559375', 'TP-1', 'TD-02', 'Dermot', 'Marwood', '34437532682', 'DermotMarwood@gmail.com', 'Carrera 35 #61-I 68Sur', '2005-12-22'),
('1463196279', 'TP-1', 'TD-02', 'Ricoriki', 'Crump', '35515675649', 'RicorikiCrump@gmail.com', 'Diagonal 169 #110-D 80Sur', '2001-12-11'),
('1465199692', 'TP-1', 'TD-02', 'Forest', 'Gerhardt', '30708379637', 'ForestGerhardt@gmail.com', 'Diagonal 140 #123-X 19Sur', '2011-08-17'),
('1465488854', 'TP-1', 'TD-04', 'Marvin', 'Bailles', '36563449277', 'MarvinBailles@gmail.com', 'Diagonal 147 #201-C 72Sur', '2005-05-11'),
('1488946771', 'TP-1', 'TD-03', 'Marylee', 'Kienl', '37040062272', 'MaryleeKienl@gmail.com', 'Calle 123 #99-D 39Sur', '2000-04-24'),
('1503980030', 'TP-1', 'TD-02', 'Fair', 'Dodson', '34579649874', 'FairDodson@gmail.com', 'Tranversal 11 #10-Y 45Sur', '2012-04-16'),
('1507528268', 'TP-1', 'TD-04', 'Solly', 'Roussel', '30516293312', 'SollyRoussel@gmail.com', 'Avenida 112 #98-P 45Sur', '2006-08-24'),
('1517203551', 'TP-1', 'TD-04', 'Jeddy', 'Top', '30693570406', 'JeddyTop@gmail.com', 'Carrera 30 #208-Q 61Sur', '2005-09-05'),
('1518012431', 'TP-1', 'TD-03', 'Edvard', 'Berthe', '33344261804', 'EdvardBerthe@gmail.com', 'Calle 121 #50-Y 38Sur', '2002-12-29'),
('1519111060', 'TP-1', 'TD-01', 'Kienan', 'Cordall', '32307336034', 'KienanCordall@gmail.com', 'Calle 172 #19-G 58Sur', '2006-08-26'),
('1539251325', 'TP-1', 'TD-03', 'Frederigo', 'Nanni', '33727378522', 'FrederigoNanni@gmail.com', 'Avenida 134 #50-V 49Sur', '2002-10-01'),
('1540881565', 'TP-1', 'TD-02', 'Skye', 'Halpine', '30768655253', 'SkyeHalpine@gmail.com', 'Diagonal 46 #98-T 57Sur', '2015-09-24'),
('1559427679', 'TP-1', 'TD-04', 'Melosa', 'Dyne', '35233412361', 'MelosaDyne@gmail.com', 'Diagonal 23 #190-A 74Sur', '2004-10-14'),
('1578920190', 'TP-1', 'TD-02', 'Valery', 'Jansson', '30890930882', 'ValeryJansson@gmail.com', 'Carrera 28 #105-U 78Sur', '2009-10-14'),
('1580051266', 'TP-1', 'TD-04', 'Rickert', 'Sidery', '36990599392', 'RickertSidery@gmail.com', 'Carrera 182 #193-M 35Sur', '2003-04-13'),
('1581146983', 'TP-1', 'TD-03', 'Corbet', 'Sulley', '37022493985', 'CorbetSulley@gmail.com', 'Carrera 57 #98-P 16Sur', '2010-12-31'),
('1601783884', 'TP-1', 'TD-01', 'Eartha', 'Biddlestone', '33069488648', 'EarthaBiddlestone@gmail.com', 'Avenida 145 #80-H 27Sur', '2007-06-07'),
('1608758056', 'TP-1', 'TD-02', 'Augustin', 'Studdal', '30748287019', 'AugustinStuddal@gmail.com', 'Diagonal 104 #68-O 23Sur', '2003-02-11'),
('1611233594', 'TP-1', 'TD-03', 'Alayne', 'Colling', '35938150402', 'AlayneColling@gmail.com', 'Tranversal 149 #142-R 79Sur', '2002-07-27'),
('1624080773', 'TP-2', 'TD-01', 'Gayler', 'Von Brook', '36073611787', 'GaylerVon Brook@gmail.com', 'Tranversal 147 #146-H 61Sur', '2001-09-26'),
('1626054146', 'TP-1', 'TD-03', 'Hewe', 'Allsep', '36564541570', 'HeweAllsep@gmail.com', 'Diagonal 61 #172-R 71Sur', '2011-12-20'),
('1629431064', 'TP-1', 'TD-03', 'Lance', 'Hubatsch', '37223654508', 'LanceHubatsch@gmail.com', 'Avenida 126 #219-Q 3Sur', '2011-01-29'),
('1633310130', 'TP-1', 'TD-02', 'Rollo', 'Jugging', '35318344560', 'RolloJugging@gmail.com', 'Diagonal 175 #55-K 73Sur', '2009-01-03'),
('1653558882', 'TP-1', 'TD-01', 'Germain', 'Zealander', '36805225349', 'GermainZealander@gmail.com', 'Diagonal 36 #216-T 98Sur', '2002-12-23'),
('1665028505', 'TP-1', 'TD-02', 'Abbe', 'Scowcroft', '31278302882', 'AbbeScowcroft@gmail.com', 'Tranversal 50 #175-O 16Sur', '2000-10-09'),
('1667233285', 'TP-1', 'TD-02', 'Rab', 'Cargill', '34663925556', 'RabCargill@gmail.com', 'Calle 3 #61-O 63Sur', '2014-03-21'),
('1679792332', 'TP-2', 'TD-01', 'Ailee', 'Colclough', '37064677580', 'AileeColclough@gmail.com', 'Carrera 90 #1-J 64Sur', '2001-05-13'),
('1690204803', 'TP-1', 'TD-01', 'Aprilette', 'Bartalot', '32892752581', 'ApriletteBartalot@gmail.com', 'Carrera 168 #27-I 19Sur', '2000-08-09'),
('1690543205', 'TP-1', 'TD-02', 'Sayer', 'Frugier', '32982413199', 'SayerFrugier@gmail.com', 'Calle 206 #54-J 72Sur', '2007-11-26'),
('1694234458', 'TP-1', 'TD-04', 'Selinda', 'McCauley', '36253169787', 'SelindaMcCauley@gmail.com', 'Calle 148 #96-Q 41Sur', '2015-07-01'),
('1704156781', 'TP-1', 'TD-04', 'Cherianne', 'McCandless', '37271129870', 'CherianneMcCandless@gmail.com', 'Diagonal 193 #204-J 3Sur', '2002-05-12'),
('1705902467', 'TP-1', 'TD-03', 'Jessey', 'Edson', '37414148934', 'JesseyEdson@gmail.com', 'Diagonal 111 #155-P 59Sur', '2000-06-29'),
('1708615561', 'TP-1', 'TD-01', 'Sergent', 'Malser', '35855145376', 'SergentMalser@gmail.com', 'Calle 152 #214-K 71Sur', '2009-06-21'),
('1710461317', 'TP-1', 'TD-01', 'Bertina', 'Ferrulli', '31421873850', 'BertinaFerrulli@gmail.com', 'Carrera 145 #172-M 58Sur', '2007-04-07'),
('1725120951', 'TP-1', 'TD-03', 'Kara', 'Stellin', '30845257949', 'KaraStellin@gmail.com', 'Calle 36 #29-L 30Sur', '2008-06-27'),
('1731512764', 'TP-1', 'TD-03', 'Hannah', 'Burchard', '37095175316', 'HannahBurchard@gmail.com', 'Tranversal 79 #33-H 56Sur', '2015-06-10'),
('1742664507', 'TP-1', 'TD-04', 'Timofei', 'Kelinge', '32584072765', 'TimofeiKelinge@gmail.com', 'Carrera 113 #40-Y 43Sur', '2002-10-16'),
('1742840866', 'TP-1', 'TD-02', 'Flint', 'Norsister', '30899620443', 'FlintNorsister@gmail.com', 'Carrera 34 #124-E 26Sur', '2012-12-12'),
('1745604087', 'TP-1', 'TD-01', 'Flory', 'Dorow', '35561151276', 'FloryDorow@gmail.com', 'Avenida 140 #15-Q 84Sur', '2005-01-15'),
('1753327697', 'TP-1', 'TD-04', 'Galven', 'Strognell', '31383808031', 'GalvenStrognell@gmail.com', 'Diagonal 174 #150-O 13Sur', '2004-11-05'),
('1759767532', 'TP-1', 'TD-01', 'Con', 'Faloon', '33692520118', 'ConFaloon@gmail.com', 'Carrera 67 #176-U 3Sur', '2000-10-07'),
('1775130609', 'TP-1', 'TD-01', 'Alyssa', 'Piens', '30567121060', 'AlyssaPiens@gmail.com', 'Tranversal 9 #108-O 10Sur', '2011-06-21'),
('1779831873', 'TP-1', 'TD-04', 'Greg', 'Smaridge', '33871071436', 'GregSmaridge@gmail.com', 'Tranversal 164 #43-Y 94Sur', '2003-08-12'),
('1798697221', 'TP-1', 'TD-02', 'Cecily', 'Dudgeon', '32737012119', 'CecilyDudgeon@gmail.com', 'Tranversal 176 #30-G 57Sur', '2010-10-24'),
('1800704265', 'TP-1', 'TD-01', 'Berkeley', 'Joicey', '32383505117', 'BerkeleyJoicey@gmail.com', 'Diagonal 32 #3-O 89Sur', '2014-02-21'),
('1803670610', 'TP-1', 'TD-04', 'Maxwell', 'Jedrzaszkiewicz', '30642479342', 'MaxwellJedrzaszkiewicz@gmail.c', 'Tranversal 157 #218-N 74Sur', '2010-11-08'),
('1809948653', 'TP-1', 'TD-04', 'Diane', 'Buttrey', '31819444640', 'DianeButtrey@gmail.com', 'Avenida 112 #54-A 37Sur', '2009-01-07'),
('1812825137', 'TP-1', 'TD-01', 'Solly', 'Dible', '32447581929', 'SollyDible@gmail.com', 'Calle 74 #137-W 33Sur', '2004-06-15'),
('1824611527', 'TP-1', 'TD-01', 'Vonni', 'Silcocks', '37638093248', 'VonniSilcocks@gmail.com', 'Calle 81 #129-U 11Sur', '2005-10-23'),
('1824914298', 'TP-1', 'TD-04', 'Alberto', 'Mayell', '32867028410', 'AlbertoMayell@gmail.com', 'Diagonal 146 #128-V 60Sur', '2001-01-24'),
('1834811114', 'TP-1', 'TD-01', 'Adamo', 'Chappell', '35784804338', 'AdamoChappell@gmail.com', 'Tranversal 174 #39-T 57Sur', '2006-03-30'),
('1842026404', 'TP-1', 'TD-01', 'Derek', 'Jennery', '36672424434', 'DerekJennery@gmail.com', 'Calle 110 #124-B 51Sur', '2004-07-04'),
('1848521745', 'TP-1', 'TD-01', 'Hussein', 'Boynton', '35642042270', 'HusseinBoynton@gmail.com', 'Carrera 136 #33-Q 36Sur', '2011-08-21'),
('1854162615', 'TP-1', 'TD-03', 'Burtie', 'Ferrulli', '36089111169', 'BurtieFerrulli@gmail.com', 'Calle 198 #169-A 41Sur', '2013-10-03'),
('1862980435', 'TP-1', 'TD-03', 'Josselyn', 'Foard', '34094836171', 'JosselynFoard@gmail.com', 'Avenida 163 #88-X 53Sur', '2014-07-29'),
('1868149509', 'TP-1', 'TD-01', 'Granthem', 'Lies', '36827125514', 'GranthemLies@gmail.com', 'Tranversal 144 #141-T 16Sur', '2000-02-06'),
('1872098928', 'TP-1', 'TD-04', 'Dita', 'Tumielli', '36993679934', 'DitaTumielli@gmail.com', 'Avenida 110 #184-Q 58Sur', '2003-01-18'),
('1890385061', 'TP-1', 'TD-03', 'Bruis', 'Alphonso', '36608399943', 'BruisAlphonso@gmail.com', 'Carrera 182 #178-H 41Sur', '2015-04-06'),
('1902856884', 'TP-1', 'TD-02', 'Davidde', 'Iannuzzi', '34423091565', 'DaviddeIannuzzi@gmail.com', 'Avenida 191 #169-B 9Sur', '2006-02-06'),
('1935812670', 'TP-1', 'TD-04', 'Quintus', 'Haggath', '30370540698', 'QuintusHaggath@gmail.com', 'Tranversal 51 #18-F 61Sur', '2005-02-23'),
('1942575684', 'TP-1', 'TD-04', 'Hollis', 'Morratt', '30549769394', 'HollisMorratt@gmail.com', 'Calle 135 #179-F 48Sur', '2009-03-06'),
('1947512118', 'TP-1', 'TD-02', 'Clemmy', 'Sturton', '33208382800', 'ClemmySturton@gmail.com', 'Diagonal 158 #127-E 9Sur', '2003-07-19'),
('1952808668', 'TP-2', 'TD-01', 'Orville', 'Franklen', '31456250551', 'OrvilleFranklen@gmail.com', 'Tranversal 33 #24-D 58Sur', '2008-03-10'),
('1957410472', 'TP-1', 'TD-04', 'Allistir', 'Adacot', '35657294067', 'AllistirAdacot@gmail.com', 'Calle 170 #124-R 65Sur', '2008-07-31'),
('1963847414', 'TP-1', 'TD-01', 'Gabi', 'Lumsdale', '36743730963', 'GabiLumsdale@gmail.com', 'Tranversal 196 #201-M 15Sur', '2007-01-14'),
('1974709706', 'TP-1', 'TD-02', 'Zackariah', 'Dabes', '32414973109', 'ZackariahDabes@gmail.com', 'Diagonal 20 #13-U 28Sur', '2006-04-12'),
('1979027318', 'TP-1', 'TD-01', 'Maximo', 'Whylie', '32476342918', 'MaximoWhylie@gmail.com', 'Avenida 146 #193-L 62Sur', '2000-07-01'),
('2018326154', 'TP-1', 'TD-01', 'Maxwell', 'Cornier', '36639199776', 'MaxwellCornier@gmail.com', 'Avenida 109 #34-S 35Sur', '2014-06-26'),
('2020313863', 'TP-1', 'TD-03', 'Giusto', 'Strognell', '34038960848', 'GiustoStrognell@gmail.com', 'Diagonal 133 #75-L 92Sur', '2014-10-03'),
('2026833484', 'TP-1', 'TD-01', 'Linda', 'Leipold', '34329223838', 'LindaLeipold@gmail.com', 'Avenida 134 #158-T 70Sur', '2014-02-25'),
('2029041081', 'TP-1', 'TD-01', 'Orton', 'Bailles', '36475039560', 'OrtonBailles@gmail.com', 'Diagonal 139 #183-G 3Sur', '2008-01-06'),
('2031528722', 'TP-1', 'TD-01', 'Emmit', 'Pitcher', '35151722138', 'EmmitPitcher@gmail.com', 'Avenida 52 #213-B 39Sur', '2007-03-12'),
('2055869167', 'TP-1', 'TD-01', 'Rudy', 'Puddicombe', '37022106293', 'RudyPuddicombe@gmail.com', 'Avenida 18 #86-L 61Sur', '2009-07-20'),
('2056353349', 'TP-1', 'TD-04', 'Gay', 'Pierro', '33085748003', 'GayPierro@gmail.com', 'Carrera 31 #63-G 89Sur', '2013-06-26'),
('2066969100', 'TP-1', 'TD-03', 'Melisent', 'Tevelov', '34543970715', 'MelisentTevelov@gmail.com', 'Tranversal 124 #84-P 2Sur', '2001-11-30'),
('2067483463', 'TP-1', 'TD-02', 'Maddy', 'Van Merwe', '36121872793', 'MaddyVan Merwe@gmail.com', 'Tranversal 60 #38-K 25Sur', '2013-11-20'),
('2075975878', 'TP-1', 'TD-03', 'Cyndy', 'Josselson', '35348535320', 'CyndyJosselson@gmail.com', 'Tranversal 110 #106-I 75Sur', '2002-12-18'),
('2082098217', 'TP-2', 'TD-01', 'Cesaro', 'Frusher', '31964957769', 'CesaroFrusher@gmail.com', 'Avenida 75 #135-A 61Sur', '2004-08-03'),
('2092463899', 'TP-1', 'TD-01', 'Johann', 'Raulston', '30286416500', 'JohannRaulston@gmail.com', 'Diagonal 196 #163-X 86Sur', '2003-12-28'),
('2093078334', 'TP-1', 'TD-01', 'Sherry', 'Ornillos', '32121096115', 'SherryOrnillos@gmail.com', 'Calle 203 #39-V 48Sur', '2005-04-12'),
('2095227901', 'TP-1', 'TD-03', 'Ashia', 'Edens', '33606371694', 'AshiaEdens@gmail.com', 'Tranversal 57 #201-V 21Sur', '2003-11-11'),
('2115357558', 'TP-1', 'TD-01', 'Allister', 'Pierro', '37446201753', 'AllisterPierro@gmail.com', 'Tranversal 210 #12-Y 26Sur', '2002-12-22'),
('2127183462', 'TP-1', 'TD-04', 'Wash', 'Carik', '32065179540', 'WashCarik@gmail.com', 'Tranversal 133 #98-P 31Sur', '2009-11-28'),
('2128164578', 'TP-1', 'TD-03', 'Annabal', 'Beswetherick', '33290077766', 'AnnabalBeswetherick@gmail.com', 'Calle 82 #98-N 76Sur', '2001-06-30'),
('2143308415', 'TP-1', 'TD-01', 'Northrop', 'Colclough', '30269486238', 'NorthropColclough@gmail.com', 'Calle 156 #182-X 7Sur', '2012-08-28'),
('2154383882', 'TP-1', 'TD-04', 'Lucien', 'Sly', '34889643921', 'LucienSly@gmail.com', 'Avenida 54 #7-I 38Sur', '2000-04-05'),
('2155498127', 'TP-2', 'TD-04', 'Joel', 'Cogzell', '33991495851', 'JoelCogzell@gmail.com', 'Carrera 152 #39-L 69Sur', '2012-11-01'),
('2161872053', 'TP-1', 'TD-02', 'Odie', 'Madison', '33038316487', 'OdieMadison@gmail.com', 'Tranversal 33 #219-B 92Sur', '2004-12-27'),
('2168237417', 'TP-1', 'TD-03', 'Chlo', 'Clitheroe', '36931237862', 'ChloClitheroe@gmail.com', 'Carrera 23 #46-L 90Sur', '2011-01-12'),
('2169992482', 'TP-1', 'TD-01', 'Donalt', 'Beswetherick', '37774989345', 'DonaltBeswetherick@gmail.com', 'Calle 153 #185-Z 69Sur', '2004-05-19'),
('2172005616', 'TP-1', 'TD-01', 'Phil', 'Jagg', '35023697568', 'PhilJagg@gmail.com', 'Diagonal 142 #54-K 50Sur', '2003-12-19'),
('2184120516', 'TP-1', 'TD-04', 'Vasily', 'Rudgerd', '31685455551', 'VasilyRudgerd@gmail.com', 'Carrera 131 #152-E 80Sur', '2014-03-19'),
('2186130890', 'TP-1', 'TD-03', 'Eran', 'Kivell', '30380563660', 'EranKivell@gmail.com', 'Calle 192 #21-N 30Sur', '2003-04-12'),
('2186397878', 'TP-1', 'TD-01', 'Cello', 'Jest', '35595391352', 'CelloJest@gmail.com', 'Carrera 203 #14-N 84Sur', '2000-10-31'),
('2188284812', 'TP-1', 'TD-02', 'Walton', 'Filpo', '37282886377', 'WaltonFilpo@gmail.com', 'Calle 9 #149-M 60Sur', '2006-10-18'),
('2207777371', 'TP-1', 'TD-02', 'Ethel', 'OScanlan', '33716708163', 'EthelOScanlan@gmail.com', 'Carrera 163 #175-O 22Sur', '2007-01-27'),
('2217810583', 'TP-2', 'TD-04', 'Svend', 'Dalwood', '31646052470', 'SvendDalwood@gmail.com', 'Calle 216 #209-Q 57Sur', '2000-04-06'),
('2220256954', 'TP-1', 'TD-04', 'Any', 'Kitman', '35992684067', 'AnyKitman@gmail.com', 'Calle 207 #121-J 28Sur', '2005-01-10'),
('2228047401', 'TP-1', 'TD-02', 'Quintus', 'Eagleton', '33452341323', 'QuintusEagleton@gmail.com', 'Avenida 170 #32-A 63Sur', '2012-06-10'),
('2238781407', 'TP-1', 'TD-02', 'Julio', 'Walhedd', '34951079538', 'JulioWalhedd@gmail.com', 'Avenida 72 #59-N 50Sur', '2015-10-10'),
('2238900050', 'TP-1', 'TD-04', 'Mair', 'Scudder', '33488917734', 'MairScudder@gmail.com', 'Calle 43 #147-A 99Sur', '2001-07-16'),
('2247891713', 'TP-1', 'TD-02', 'Giffy', 'Davioud', '30604460416', 'GiffyDavioud@gmail.com', 'Carrera 79 #98-D 61Sur', '2002-09-28'),
('2248071616', 'TP-1', 'TD-01', 'Burtie', 'Blumer', '32556898459', 'BurtieBlumer@gmail.com', 'Avenida 104 #220-V 58Sur', '2007-06-12'),
('2286433454', 'TP-1', 'TD-01', 'Sidney', 'Coudray', '33554110638', 'SidneyCoudray@gmail.com', 'Tranversal 214 #7-V 48Sur', '2007-09-19'),
('2288712807', 'TP-2', 'TD-02', 'Marylee', 'Paulino', '34733791644', 'MaryleePaulino@gmail.com', 'Diagonal 62 #44-Z 80Sur', '2008-05-04'),
('2298127734', 'TP-1', 'TD-03', 'Henderson', 'Darnbrook', '32533311930', 'HendersonDarnbrook@gmail.com', 'Diagonal 9 #82-V 33Sur', '2003-12-16'),
('2303419062', 'TP-1', 'TD-01', 'Rickert', 'Walhedd', '36665815683', 'RickertWalhedd@gmail.com', 'Diagonal 186 #37-J 73Sur', '2013-09-30'),
('2309076255', 'TP-1', 'TD-03', 'Lucita', 'Jakubovicz', '31862185587', 'LucitaJakubovicz@gmail.com', 'Diagonal 219 #144-F 15Sur', '2004-05-15'),
('2310442468', 'TP-1', 'TD-03', 'Rollo', 'Braysher', '37697476332', 'RolloBraysher@gmail.com', 'Tranversal 125 #191-V 26Sur', '2003-09-15'),
('2312389505', 'TP-1', 'TD-03', 'Alaric', 'Keedy', '34310692383', 'AlaricKeedy@gmail.com', 'Calle 218 #180-G 52Sur', '2015-11-11'),
('2313839270', 'TP-1', 'TD-03', 'Marylee', 'Bottrill', '35748303837', 'MaryleeBottrill@gmail.com', 'Carrera 78 #196-Y 59Sur', '2009-05-02'),
('2328430202', 'TP-1', 'TD-01', 'Winifield', 'Suermeiers', '37493765112', 'WinifieldSuermeiers@gmail.com', 'Diagonal 56 #7-A 96Sur', '2009-04-23'),
('2345411405', 'TP-1', 'TD-02', 'Gardner', 'MacGarvey', '34529797642', 'GardnerMacGarvey@gmail.com', 'Calle 127 #177-Q 95Sur', '2012-09-03'),
('2347977291', 'TP-1', 'TD-04', 'Miner', 'Birdsall', '35977833215', 'MinerBirdsall@gmail.com', 'Carrera 101 #136-N 66Sur', '2010-02-14'),
('2349914285', 'TP-1', 'TD-04', 'Davine', 'Jex', '33047008491', 'DavineJex@gmail.com', 'Calle 51 #69-E 61Sur', '2000-07-18'),
('2363272970', 'TP-1', 'TD-01', 'Archy', 'Crayden', '37404955226', 'ArchyCrayden@gmail.com', 'Carrera 63 #216-L 98Sur', '2007-01-23'),
('2368684286', 'TP-1', 'TD-03', 'Harmonie', 'Playhill', '34562987912', 'HarmoniePlayhill@gmail.com', 'Carrera 198 #76-G 60Sur', '2013-04-25'),
('2373409349', 'TP-1', 'TD-04', 'Dorine', 'Dudgeon', '33224679032', 'DorineDudgeon@gmail.com', 'Carrera 46 #95-O 63Sur', '2000-10-26'),
('2378363883', 'TP-1', 'TD-02', 'Gorden', 'Buessen', '33558130174', 'GordenBuessen@gmail.com', 'Avenida 174 #14-H 60Sur', '2012-10-06'),
('2379099955', 'TP-1', 'TD-02', 'Salem', 'Greensides', '37416846595', 'SalemGreensides@gmail.com', 'Avenida 157 #78-S 97Sur', '2008-06-18'),
('2381630411', 'TP-1', 'TD-03', 'Valera', 'Danjoie', '33793773389', 'ValeraDanjoie@gmail.com', 'Calle 3 #106-I 23Sur', '2001-09-15'),
('2404707846', 'TP-1', 'TD-01', 'Kinna', 'Dey', '35277783692', 'KinnaDey@gmail.com', 'Tranversal 161 #128-K 92Sur', '2002-12-25'),
('2405021619', 'TP-1', 'TD-03', 'Ransom', 'Mayell', '35176199900', 'RansomMayell@gmail.com', 'Carrera 162 #41-A 69Sur', '2004-07-26'),
('2413153872', 'TP-1', 'TD-02', 'Humphrey', 'Yoodall', '34108722428', 'HumphreyYoodall@gmail.com', 'Carrera 129 #53-J 97Sur', '2013-07-15'),
('2418317652', 'TP-1', 'TD-02', 'Timofei', 'Matushevich', '31623222798', 'TimofeiMatushevich@gmail.com', 'Carrera 157 #15-Y 32Sur', '2005-01-20'),
('2426522583', 'TP-1', 'TD-01', 'Eddie', 'Gorgen', '34440795999', 'EddieGorgen@gmail.com', 'Calle 1 #18-S 28Sur', '2001-10-26'),
('2442274183', 'TP-1', 'TD-02', 'Tawnya', 'Cargill', '30820385061', 'TawnyaCargill@gmail.com', 'Tranversal 67 #220-Q 67Sur', '2003-02-07'),
('2442311031', 'TP-1', 'TD-03', 'Rudy', 'Garrod', '34795623492', 'RudyGarrod@gmail.com', 'Carrera 202 #137-C 38Sur', '2004-01-07'),
('2462834362', 'TP-1', 'TD-01', 'Hagen', 'Worpole', '33068060824', 'HagenWorpole@gmail.com', 'Avenida 74 #143-J 13Sur', '2012-12-30'),
('2467274608', 'TP-1', 'TD-01', 'Clerissa', 'Mucklo', '36998558920', 'ClerissaMucklo@gmail.com', 'Avenida 210 #218-T 81Sur', '2010-04-27'),
('2472408327', 'TP-1', 'TD-04', 'Donnie', 'Mertsching', '35216503689', 'DonnieMertsching@gmail.com', 'Tranversal 150 #211-H 59Sur', '2003-03-19'),
('2482565817', 'TP-1', 'TD-03', 'Bord', 'Banham', '34544850591', 'BordBanham@gmail.com', 'Carrera 219 #27-J 49Sur', '2005-04-15'),
('2487523549', 'TP-1', 'TD-04', 'Bertie', 'Ornillos', '32925692408', 'BertieOrnillos@gmail.com', 'Carrera 52 #90-A 9Sur', '2007-07-02'),
('2490049595', 'TP-1', 'TD-03', 'Abie', 'Jozwicki', '37694662201', 'AbieJozwicki@gmail.com', 'Diagonal 61 #201-Y 16Sur', '2012-03-03'),
('2495441462', 'TP-1', 'TD-03', 'Ozzy', 'Kelinge', '34461857124', 'OzzyKelinge@gmail.com', 'Avenida 159 #60-G 14Sur', '2010-01-31'),
('2497814972', 'TP-1', 'TD-04', 'Aprilette', 'McCauley', '33469901124', 'ApriletteMcCauley@gmail.com', 'Tranversal 140 #198-R 73Sur', '2009-09-18'),
('2505629948', 'TP-2', 'TD-01', 'Nap', 'Van Merwe', '33842885930', 'NapVan Merwe@gmail.com', 'Calle 100 #93-C 65Sur', '2012-11-07'),
('2535823318', 'TP-1', 'TD-02', 'Normie', 'Lisciandro', '30199351097', 'NormieLisciandro@gmail.com', 'Tranversal 22 #17-E 93Sur', '2005-06-05'),
('2547437737', 'TP-1', 'TD-03', 'Kaine', 'Darwood', '31726689175', 'KaineDarwood@gmail.com', 'Avenida 180 #11-P 64Sur', '2008-11-05'),
('2558424789', 'TP-1', 'TD-02', 'Ricoriki', 'Critchley', '30409887683', 'RicorikiCritchley@gmail.com', 'Avenida 181 #54-K 11Sur', '2003-07-31'),
('2563692291', 'TP-1', 'TD-02', 'Nolan', 'Roussel', '36753540994', 'NolanRoussel@gmail.com', 'Diagonal 85 #112-I 64Sur', '2013-07-20'),
('2564692529', 'TP-1', 'TD-03', 'Portie', 'Percifull', '30686459953', 'PortiePercifull@gmail.com', 'Avenida 152 #11-S 37Sur', '2008-04-08'),
('2572635139', 'TP-1', 'TD-04', 'Derek', 'Ironmonger', '37551872109', 'DerekIronmonger@gmail.com', 'Avenida 148 #139-X 37Sur', '2006-02-07'),
('2578559778', 'TP-1', 'TD-01', 'Alanson', 'Buttrey', '33349635271', 'AlansonButtrey@gmail.com', 'Carrera 148 #19-M 58Sur', '2014-10-22'),
('2579912663', 'TP-1', 'TD-02', 'William', 'Huyche', '31185311332', 'WilliamHuyche@gmail.com', 'Calle 151 #165-Y 76Sur', '2008-06-23'),
('2579924057', 'TP-2', 'TD-02', 'Rhys', 'Pitcher', '33312311595', 'RhysPitcher@gmail.com', 'Diagonal 31 #45-U 25Sur', '2010-10-01'),
('2582854045', 'TP-1', 'TD-02', 'Farrell', 'Petraitis', '37533405196', 'FarrellPetraitis@gmail.com', 'Diagonal 159 #66-L 66Sur', '2008-03-09'),
('2585506158', 'TP-1', 'TD-02', 'Slade', 'Deveril', '37577017205', 'SladeDeveril@gmail.com', 'Tranversal 122 #20-Z 77Sur', '2004-02-16'),
('2616156775', 'TP-1', 'TD-01', 'Archy', 'Jewel', '37016623676', 'ArchyJewel@gmail.com', 'Carrera 211 #90-C 58Sur', '2006-03-18'),
('2631739903', 'TP-1', 'TD-02', 'Bax', 'Wingrove', '30097420762', 'BaxWingrove@gmail.com', 'Calle 121 #69-W 69Sur', '2009-04-28'),
('2644702778', 'TP-1', 'TD-03', 'Garvey', 'Whitehead', '32900574753', 'GarveyWhitehead@gmail.com', 'Calle 158 #179-B 91Sur', '2012-09-15'),
('2645606137', 'TP-1', 'TD-03', 'Sidney', 'Caseley', '36042700800', 'SidneyCaseley@gmail.com', 'Diagonal 163 #181-G 25Sur', '2010-10-14'),
('2663758070', 'TP-1', 'TD-04', 'Libbi', 'Darnbrook', '32135499089', 'LibbiDarnbrook@gmail.com', 'Diagonal 15 #1-X 25Sur', '2011-12-20'),
('2668150463', 'TP-1', 'TD-04', 'Gun', 'Treasure', '30551931056', 'GunTreasure@gmail.com', 'Diagonal 1 #149-Y 83Sur', '2003-12-04'),
('2676741587', 'TP-1', 'TD-02', 'Bevan', 'Adshede', '31652933161', 'BevanAdshede@gmail.com', 'Avenida 190 #98-Y 17Sur', '2012-10-23'),
('2681180710', 'TP-1', 'TD-02', 'Valera', 'OSheilds', '37157681342', 'ValeraOSheilds@gmail.com', 'Diagonal 179 #206-M 36Sur', '2014-08-28'),
('2681755812', 'TP-1', 'TD-03', 'Loren', 'Giffard', '30509754209', 'LorenGiffard@gmail.com', 'Diagonal 54 #111-O 85Sur', '2013-01-23'),
('2681928923', 'TP-1', 'TD-01', 'Dex', 'Dimnage', '33126022486', 'DexDimnage@gmail.com', 'Avenida 111 #79-S 89Sur', '2001-02-20'),
('2681977342', 'TP-1', 'TD-04', 'Corbet', 'Canacott', '30324856026', 'CorbetCanacott@gmail.com', 'Calle 180 #82-Z 43Sur', '2012-02-12'),
('2696992178', 'TP-1', 'TD-02', 'Gino', 'Cassam', '33703745102', 'GinoCassam@gmail.com', 'Diagonal 125 #195-B 92Sur', '2004-08-13'),
('2698437962', 'TP-1', 'TD-01', 'Angeli', 'Tampion', '33572962723', 'AngeliTampion@gmail.com', 'Tranversal 67 #150-O 36Sur', '2007-12-31'),
('2710593870', 'TP-1', 'TD-03', 'Matias', 'Valentetti', '35073241799', 'MatiasValentetti@gmail.com', 'Avenida 210 #9-T 21Sur', '2005-04-08'),
('2711358651', 'TP-1', 'TD-03', 'Rees', 'Bartholin', '36096474959', 'ReesBartholin@gmail.com', 'Tranversal 104 #33-V 50Sur', '2003-12-01'),
('2729563111', 'TP-1', 'TD-03', 'Margery', 'Robbe', '30848561958', 'MargeryRobbe@gmail.com', 'Diagonal 102 #17-G 66Sur', '2014-01-26'),
('2730400480', 'TP-1', 'TD-01', 'Etan', 'Attersoll', '30109288248', 'EtanAttersoll@gmail.com', 'Diagonal 119 #197-P 37Sur', '2002-10-21'),
('2735602745', 'TP-1', 'TD-03', 'Clemmie', 'Grout', '32801278571', 'ClemmieGrout@gmail.com', 'Carrera 115 #65-U 35Sur', '2006-11-04'),
('2739865183', 'TP-1', 'TD-04', 'Urbain', 'Shingler', '35290538216', 'UrbainShingler@gmail.com', 'Diagonal 129 #200-H 18Sur', '2009-04-20'),
('2747551255', 'TP-1', 'TD-03', 'Quinlan', 'Blazewicz', '36866565999', 'QuinlanBlazewicz@gmail.com', 'Carrera 44 #25-Q 78Sur', '2008-01-04'),
('2791270144', 'TP-1', 'TD-03', 'Ethelbert', 'Kield', '30750353016', 'EthelbertKield@gmail.com', 'Calle 42 #74-Y 8Sur', '2013-02-24'),
('2797779171', 'TP-1', 'TD-01', 'Elwyn', 'Robbe', '35430854880', 'ElwynRobbe@gmail.com', 'Diagonal 30 #45-I 21Sur', '2002-10-29'),
('2801323450', 'TP-1', 'TD-03', 'Rosmunda', 'Quartley', '31048717926', 'RosmundaQuartley@gmail.com', 'Tranversal 128 #124-E 30Sur', '2007-04-22'),
('2830073416', 'TP-1', 'TD-02', 'Cicily', 'McKiddin', '33692972929', 'CicilyMcKiddin@gmail.com', 'Tranversal 7 #188-G 85Sur', '2000-09-22'),
('2841371957', 'TP-1', 'TD-01', 'Earlie', 'Rothwell', '31478321563', 'EarlieRothwell@gmail.com', 'Calle 132 #113-V 67Sur', '2008-08-23'),
('2852645727', 'TP-2', 'TD-03', 'Beatrice', 'Foxten', '33341924901', 'BeatriceFoxten@gmail.com', 'Calle 120 #97-O 21Sur', '2011-07-21'),
('2862209067', 'TP-1', 'TD-04', 'Mitchael', 'Wittrington', '34482577839', 'MitchaelWittrington@gmail.com', 'Tranversal 123 #44-Z 65Sur', '2001-12-22'),
('2863422264', 'TP-1', 'TD-02', 'Hussein', 'Marchi', '36691016886', 'HusseinMarchi@gmail.com', 'Avenida 110 #140-L 3Sur', '2007-02-03'),
('2869761064', 'TP-1', 'TD-02', 'Joellyn', 'Grout', '36717816010', 'JoellynGrout@gmail.com', 'Calle 42 #157-X 82Sur', '2002-03-05'),
('2903315187', 'TP-1', 'TD-02', 'Beatrice', 'Brugh', '33163326626', 'BeatriceBrugh@gmail.com', 'Tranversal 91 #104-O 30Sur', '2014-02-20'),
('2907273016', 'TP-1', 'TD-04', 'Rudolf', 'Sheaf', '31104673450', 'RudolfSheaf@gmail.com', 'Avenida 108 #207-W 61Sur', '2004-07-04'),
('2909340930', 'TP-1', 'TD-03', 'Laraine', 'Mertsching', '36097326333', 'LaraineMertsching@gmail.com', 'Diagonal 46 #215-R 52Sur', '2002-12-12'),
('2910102363', 'TP-1', 'TD-01', 'Francesco', 'Children', '37123011260', 'FrancescoChildren@gmail.com', 'Calle 136 #175-E 36Sur', '2011-10-07'),
('2920064092', 'TP-1', 'TD-04', 'Sigmund', 'Fruchter', '32609492708', 'SigmundFruchter@gmail.com', 'Tranversal 2 #126-L 69Sur', '2006-04-12'),
('2926880323', 'TP-1', 'TD-04', 'Burgess', 'Caseley', '34555924869', 'BurgessCaseley@gmail.com', 'Avenida 15 #164-J 30Sur', '2015-02-14'),
('2956283615', 'TP-1', 'TD-02', 'Dicky', 'Spiniello', '36383211590', 'DickySpiniello@gmail.com', 'Carrera 37 #33-D 53Sur', '2008-07-20'),
('2987846881', 'TP-1', 'TD-03', 'Cammy', 'Breazeall', '31468885708', 'CammyBreazeall@gmail.com', 'Diagonal 53 #5-O 46Sur', '2014-02-24'),
('2998831137', 'TP-1', 'TD-04', 'Donnie', 'Gavaghan', '30864754530', 'DonnieGavaghan@gmail.com', 'Avenida 42 #108-K 91Sur', '2003-03-18'),
('3011231264', 'TP-1', 'TD-04', 'Kip', 'Fessler', '33848718468', 'KipFessler@gmail.com', 'Tranversal 14 #156-P 59Sur', '2012-01-18'),
('3011300849', 'TP-1', 'TD-02', 'Donnie', 'Blazewicz', '32889375787', 'DonnieBlazewicz@gmail.com', 'Avenida 99 #157-T 85Sur', '2014-02-09'),
('3034723145', 'TP-2', 'TD-04', 'Marylee', 'Jex', '32693709749', 'MaryleeJex@gmail.com', 'Carrera 50 #158-A 66Sur', '2005-12-15'),
('3039656344', 'TP-1', 'TD-03', 'Philip', 'Cello', '34261212640', 'PhilipCello@gmail.com', 'Avenida 57 #30-P 59Sur', '2012-06-16'),
('3052082333', 'TP-1', 'TD-03', 'Petronilla', 'Colling', '37397913369', 'PetronillaColling@gmail.com', 'Avenida 13 #201-W 66Sur', '2003-10-18'),
('3087382368', 'TP-1', 'TD-04', 'Nap', 'Crisall', '31685863492', 'NapCrisall@gmail.com', 'Tranversal 51 #68-I 30Sur', '2014-06-07'),
('3107292112', 'TP-1', 'TD-02', 'Hyacinthia', 'Lubeck', '32372174007', 'HyacinthiaLubeck@gmail.com', 'Tranversal 69 #109-I 34Sur', '2000-02-27'),
('3135432170', 'TP-1', 'TD-02', 'Homere', 'Enrigo', '32865517703', 'HomereEnrigo@gmail.com', 'Diagonal 128 #108-I 40Sur', '2013-01-02'),
('3149607681', 'TP-2', 'TD-01', 'Jessey', 'Sprigin', '36834909706', 'JesseySprigin@gmail.com', 'Tranversal 116 #63-G 80Sur', '2013-11-24'),
('3151169855', 'TP-1', 'TD-02', 'Galen', 'Gilhooley', '34245046453', 'GalenGilhooley@gmail.com', 'Calle 28 #50-M 76Sur', '2001-01-22'),
('3153484217', 'TP-1', 'TD-03', 'Kimbell', 'Hillum', '37539303898', 'KimbellHillum@gmail.com', 'Avenida 166 #137-R 79Sur', '2014-12-18'),
('3157307246', 'TP-1', 'TD-04', 'Padraig', 'Czapla', '35870269625', 'PadraigCzapla@gmail.com', 'Tranversal 86 #167-U 94Sur', '2002-08-25'),
('3158036343', 'TP-1', 'TD-03', 'Cecily', 'Bagguley', '34995060771', 'CecilyBagguley@gmail.com', 'Tranversal 104 #82-T 92Sur', '2008-10-09'),
('3169385809', 'TP-2', 'TD-04', 'Maire', 'Gypson', '30962056585', 'MaireGypson@gmail.com', 'Avenida 26 #162-I 55Sur', '2011-07-18'),
('3171410301', 'TP-2', 'TD-04', 'Hammad', 'Jagg', '35741125473', 'HammadJagg@gmail.com', 'Calle 36 #63-M 72Sur', '2005-03-31'),
('3175171767', 'TP-1', 'TD-04', 'Redford', 'Sicily', '37531307638', 'RedfordSicily@gmail.com', 'Calle 99 #8-G 97Sur', '2000-12-10'),
('3178908304', 'TP-1', 'TD-01', 'Ethelbert', 'Benezet', '36813040060', 'EthelbertBenezet@gmail.com', 'Carrera 141 #161-G 74Sur', '2015-05-01'),
('3182211377', 'TP-1', 'TD-01', 'Hervey', 'Konerding', '36356982580', 'HerveyKonerding@gmail.com', 'Tranversal 134 #75-X 55Sur', '2001-06-21'),
('3189941160', 'TP-1', 'TD-02', 'Dione', 'Stroton', '33451550600', 'DioneStroton@gmail.com', 'Tranversal 116 #141-O 60Sur', '2009-05-01'),
('3208398537', 'TP-1', 'TD-02', 'Benny', 'Forsdike', '33645369373', 'BennyForsdike@gmail.com', 'Diagonal 174 #152-C 13Sur', '2014-04-27'),
('3211645711', 'TP-1', 'TD-04', 'Cross', 'Whitehead', '33806592082', 'CrossWhitehead@gmail.com', 'Avenida 88 #3-N 66Sur', '2007-12-12'),
('3215968197', 'TP-1', 'TD-04', 'Elizabeth', 'Devanney', '32094796279', 'ElizabethDevanney@gmail.com', 'Tranversal 115 #69-U 16Sur', '2008-02-07'),
('3224985055', 'TP-1', 'TD-04', 'Godfry', 'Chappell', '31669439490', 'GodfryChappell@gmail.com', 'Avenida 148 #184-K 53Sur', '2007-02-07'),
('3227482366', 'TP-1', 'TD-04', 'Abdel', 'Konerding', '34630612783', 'AbdelKonerding@gmail.com', 'Diagonal 125 #118-M 56Sur', '2003-04-04'),
('3228461764', 'TP-1', 'TD-04', 'Orsa', 'Brough', '34646647660', 'OrsaBrough@gmail.com', 'Carrera 42 #162-J 65Sur', '2001-11-30'),
('3240177462', 'TP-1', 'TD-01', 'Corbet', 'Brugh', '30405555187', 'CorbetBrugh@gmail.com', 'Diagonal 164 #109-R 44Sur', '2006-05-09'),
('3245738415', 'TP-1', 'TD-04', 'Janela', 'Leivesley', '33684116668', 'JanelaLeivesley@gmail.com', 'Diagonal 219 #187-G 65Sur', '2012-02-17'),
('3245788491', 'TP-1', 'TD-03', 'Ethan', 'Aymeric', '33397345470', 'EthanAymeric@gmail.com', 'Diagonal 199 #25-C 33Sur', '2007-07-01'),
('3251624393', 'TP-1', 'TD-01', 'Sayer', 'Petlyura', '32116600345', 'SayerPetlyura@gmail.com', 'Tranversal 86 #120-B 84Sur', '2005-08-13'),
('3279344441', 'TP-1', 'TD-04', 'Emilio', 'Laba', '36998233982', 'EmilioLaba@gmail.com', 'Carrera 182 #202-N 10Sur', '2010-09-27'),
('3280198039', 'TP-1', 'TD-02', 'Forrest', 'Turpie', '37223531963', 'ForrestTurpie@gmail.com', 'Calle 113 #63-E 63Sur', '2002-07-06'),
('3283624800', 'TP-1', 'TD-04', 'Alaster', 'Borell', '31691328554', 'AlasterBorell@gmail.com', 'Avenida 31 #170-O 66Sur', '2002-12-15'),
('3330501371', 'TP-1', 'TD-01', 'Carey', 'Alphonso', '37100022788', 'CareyAlphonso@gmail.com', 'Carrera 121 #160-L 43Sur', '2007-02-13'),
('3336505691', 'TP-1', 'TD-01', 'Avrom', 'Chatterton', '34509495376', 'AvromChatterton@gmail.com', 'Carrera 167 #81-L 30Sur', '2009-10-08'),
('3336913043', 'TP-1', 'TD-03', 'Batholomew', 'Nowill', '30929564625', 'BatholomewNowill@gmail.com', 'Diagonal 88 #50-I 12Sur', '2004-01-19'),
('3337137580', 'TP-1', 'TD-04', 'Ranique', 'Milesap', '33145084229', 'RaniqueMilesap@gmail.com', 'Carrera 105 #156-S 25Sur', '2007-03-04'),
('3351119780', 'TP-1', 'TD-02', 'Ingram', 'Itzcovich', '33251344533', 'IngramItzcovich@gmail.com', 'Carrera 159 #91-B 25Sur', '2007-04-08'),
('3362642572', 'TP-1', 'TD-02', 'Leta', 'Smaridge', '34801498148', 'LetaSmaridge@gmail.com', 'Tranversal 199 #112-R 55Sur', '2011-03-08'),
('3374716929', 'TP-2', 'TD-03', 'Abdel', 'Anfossi', '32529992580', 'AbdelAnfossi@gmail.com', 'Carrera 74 #154-K 19Sur', '2007-04-04'),
('3386265012', 'TP-1', 'TD-01', 'Carry', 'Lubeck', '31732596618', 'CarryLubeck@gmail.com', 'Calle 68 #144-A 88Sur', '2007-09-22'),
('3401419599', 'TP-1', 'TD-04', 'Clarance', 'Dillimore', '32466336180', 'ClaranceDillimore@gmail.com', 'Diagonal 90 #116-W 20Sur', '2010-12-01'),
('3410860032', 'TP-1', 'TD-04', 'Reg', 'Eplett', '35041029362', 'RegEplett@gmail.com', 'Tranversal 172 #39-Y 13Sur', '2008-08-05'),
('3413257922', 'TP-1', 'TD-04', 'Kristyn', 'Syrad', '36310408061', 'KristynSyrad@gmail.com', 'Diagonal 149 #214-Z 93Sur', '2014-02-15'),
('3413992402', 'TP-1', 'TD-02', 'Clayton', 'Maddison', '30980880160', 'ClaytonMaddison@gmail.com', 'Avenida 191 #139-O 97Sur', '2006-02-15'),
('3417886152', 'TP-1', 'TD-02', 'Lonny', 'Norsister', '31443976966', 'LonnyNorsister@gmail.com', 'Calle 211 #148-J 59Sur', '2012-02-05'),
('3444963478', 'TP-1', 'TD-02', 'Kinsley', 'Cary', '35221603692', 'KinsleyCary@gmail.com', 'Carrera 206 #184-Y 54Sur', '2009-10-17'),
('3446430714', 'TP-1', 'TD-04', 'Quintus', 'Gresswood', '32322061759', 'QuintusGresswood@gmail.com', 'Tranversal 118 #112-S 96Sur', '2013-12-07'),
('3449748034', 'TP-1', 'TD-03', 'Pamela', 'Spiniello', '33890457683', 'PamelaSpiniello@gmail.com', 'Calle 132 #220-X 95Sur', '2014-08-25'),
('3451180018', 'TP-1', 'TD-04', 'Dory', 'Fullerton', '30848705995', 'DoryFullerton@gmail.com', 'Carrera 21 #180-E 97Sur', '2007-02-16'),
('3453694025', 'TP-1', 'TD-03', 'Tam', 'Codeman', '37710594961', 'TamCodeman@gmail.com', 'Carrera 116 #149-J 52Sur', '2001-07-05'),
('3454805544', 'TP-1', 'TD-03', 'Jerrilee', 'Schooley', '34425194778', 'JerrileeSchooley@gmail.com', 'Carrera 55 #64-N 69Sur', '2015-01-30'),
('3464967683', 'TP-1', 'TD-01', 'Ara', 'Pattisson', '30617535802', 'AraPattisson@gmail.com', 'Calle 40 #214-B 95Sur', '2001-03-07'),
('3481817590', 'TP-1', 'TD-01', 'Ellary', 'Edens', '34760138519', 'EllaryEdens@gmail.com', 'Calle 14 #179-T 92Sur', '2001-09-08'),
('3483948278', 'TP-1', 'TD-01', 'Kellen', 'Nicolson', '34221991391', 'KellenNicolson@gmail.com', 'Avenida 66 #107-T 73Sur', '2005-02-06'),
('3488850673', 'TP-2', 'TD-04', 'Solly', 'Pope', '36139908718', 'SollyPope@gmail.com', 'Carrera 39 #134-E 22Sur', '2001-12-11'),
('3496799470', 'TP-1', 'TD-01', 'Bay', 'Gambles', '36711592932', 'BayGambles@gmail.com', 'Calle 95 #217-N 68Sur', '2012-09-19'),
('3520649515', 'TP-1', 'TD-02', 'Clayton', 'Genn', '32794330647', 'ClaytonGenn@gmail.com', 'Carrera 48 #143-E 63Sur', '2013-08-14'),
('3521748794', 'TP-1', 'TD-03', 'Ellary', 'Frusher', '37270220735', 'EllaryFrusher@gmail.com', 'Avenida 174 #203-K 55Sur', '2006-04-20'),
('3522802785', 'TP-1', 'TD-04', 'Kimble', 'Persse', '31425437113', 'KimblePersse@gmail.com', 'Tranversal 4 #130-B 1Sur', '2011-02-11'),
('3536605512', 'TP-1', 'TD-03', 'Etan', 'Nudde', '37695178776', 'EtanNudde@gmail.com', 'Avenida 103 #220-D 71Sur', '2009-04-06'),
('3539058437', 'TP-1', 'TD-03', 'Cicely', 'Penwright', '30417677201', 'CicelyPenwright@gmail.com', 'Carrera 96 #95-Z 34Sur', '2013-06-24'),
('3544797909', 'TP-1', 'TD-04', 'Kinna', 'Duddy', '34562402331', 'KinnaDuddy@gmail.com', 'Diagonal 97 #156-D 53Sur', '2008-01-20'),
('3555936527', 'TP-1', 'TD-04', 'Phil', 'Sprigin', '31126236008', 'PhilSprigin@gmail.com', 'Calle 166 #12-P 62Sur', '2007-12-02'),
('3571082349', 'TP-1', 'TD-04', 'Daisey', 'Wadly', '36089183656', 'DaiseyWadly@gmail.com', 'Avenida 127 #139-R 69Sur', '2000-01-10'),
('3591251277', 'TP-1', 'TD-03', 'Stewart', 'Kingswell', '37559499863', 'StewartKingswell@gmail.com', 'Avenida 90 #176-L 66Sur', '2005-04-06'),
('3591350369', 'TP-1', 'TD-02', 'Fax', 'Juniper', '32687070685', 'FaxJuniper@gmail.com', 'Calle 125 #89-N 73Sur', '2012-07-20'),
('3612424495', 'TP-1', 'TD-01', 'Hector', 'Boynton', '34586555337', 'HectorBoynton@gmail.com', 'Carrera 216 #180-I 45Sur', '2003-05-01'),
('3624183389', 'TP-1', 'TD-01', 'Rollo', 'Kivell', '31057428833', 'RolloKivell@gmail.com', 'Diagonal 84 #65-I 23Sur', '2009-06-12'),
('3626126169', 'TP-1', 'TD-02', 'Amos', 'Forsdike', '32816123330', 'AmosForsdike@gmail.com', 'Avenida 1 #1-X 12Sur', '2013-10-18'),
('3629004527', 'TP-2', 'TD-04', 'Chlo', 'Brion', '33407299204', 'ChloBrion@gmail.com', 'Diagonal 173 #37-P 97Sur', '2001-08-27'),
('3633846595', 'TP-1', 'TD-01', 'Hortense', 'Okenden', '34433215838', 'HortenseOkenden@gmail.com', 'Carrera 51 #202-Q 45Sur', '2003-08-25'),
('3637338226', 'TP-1', 'TD-02', 'Tabb', 'Nelle', '35276828782', 'TabbNelle@gmail.com', 'Calle 149 #142-B 51Sur', '2009-11-25'),
('3655691150', 'TP-1', 'TD-04', 'Bran', 'Cain', '35640757493', 'BranCain@gmail.com', 'Calle 155 #155-R 68Sur', '2007-08-07'),
('3657280551', 'TP-1', 'TD-02', 'Nils', 'Nowill', '30240098898', 'NilsNowill@gmail.com', 'Avenida 209 #60-M 90Sur', '2006-12-31'),
('3668202860', 'TP-1', 'TD-02', 'Bondie', 'Duly', '37452933081', 'BondieDuly@gmail.com', 'Carrera 199 #29-R 13Sur', '2014-02-09'),
('3691686252', 'TP-1', 'TD-02', 'Darcy', 'Feldberg', '31930501488', 'DarcyFeldberg@gmail.com', 'Tranversal 44 #145-Q 42Sur', '2014-01-19'),
('3722546706', 'TP-1', 'TD-04', 'Trenton', 'Troake', '37204424526', 'TrentonTroake@gmail.com', 'Carrera 177 #109-C 67Sur', '2009-05-25'),
('3740304272', 'TP-1', 'TD-01', 'Fulton', 'Parton', '35827771225', 'FultonParton@gmail.com', 'Avenida 216 #4-F 60Sur', '2005-09-30'),
('3754563870', 'TP-1', 'TD-01', 'Adah', 'Garner', '30211265745', 'AdahGarner@gmail.com', 'Carrera 58 #46-I 99Sur', '2004-02-19'),
('3761267376', 'TP-1', 'TD-03', 'Northrop', 'Balnave', '32133455220', 'NorthropBalnave@gmail.com', 'Avenida 158 #114-D 63Sur', '2008-08-05'),
('3767994466', 'TP-1', 'TD-02', 'Archy', 'Sidery', '30126826997', 'ArchySidery@gmail.com', 'Diagonal 140 #212-Q 85Sur', '2005-11-19'),
('3771542748', 'TP-1', 'TD-02', 'Lance', 'McCafferty', '34281385153', 'LanceMcCafferty@gmail.com', 'Tranversal 195 #150-R 34Sur', '2014-08-14'),
('3802746394', 'TP-1', 'TD-03', 'Silvano', 'Poulson', '30029692025', 'SilvanoPoulson@gmail.com', 'Carrera 196 #26-K 79Sur', '2014-04-17'),
('3809663068', 'TP-1', 'TD-04', 'Lonnie', 'McBrady', '30328742889', 'LonnieMcBrady@gmail.com', 'Tranversal 129 #199-Q 30Sur', '2012-03-30'),
('3810558424', 'TP-2', 'TD-01', 'Dione', 'Critchley', '30928804799', 'DioneCritchley@gmail.com', 'Avenida 169 #84-W 80Sur', '2002-03-17'),
('3839254250', 'TP-1', 'TD-04', 'Ezequiel', 'Grise', '37162047882', 'EzequielGrise@gmail.com', 'Tranversal 168 #148-F 55Sur', '2004-09-02'),
('3843157314', 'TP-1', 'TD-04', 'Matteo', 'Temprell', '36774689031', 'MatteoTemprell@gmail.com', 'Calle 205 #95-N 97Sur', '2008-12-12'),
('3846255547', 'TP-1', 'TD-01', 'Stearn', 'Acton', '33785690577', 'StearnActon@gmail.com', 'Tranversal 92 #169-K 77Sur', '2015-02-15'),
('3865226606', 'TP-1', 'TD-01', 'Temple', 'Shawel', '31265857858', 'TempleShawel@gmail.com', 'Carrera 22 #111-Y 7Sur', '2004-05-16'),
('3869510567', 'TP-1', 'TD-03', 'Kip', 'Pavlasek', '37480462553', 'KipPavlasek@gmail.com', 'Tranversal 204 #45-S 90Sur', '2002-02-04'),
('3872930581', 'TP-1', 'TD-04', 'Hyacinthia', 'Paroni', '33999062264', 'HyacinthiaParoni@gmail.com', 'Diagonal 27 #94-S 64Sur', '2004-01-26'),
('3884020728', 'TP-1', 'TD-04', 'Kalvin', 'Ahmad', '37128601758', 'KalvinAhmad@gmail.com', 'Diagonal 206 #141-R 16Sur', '2001-04-02'),
('3886274938', 'TP-1', 'TD-03', 'Glynn', 'Matushevich', '35489665730', 'GlynnMatushevich@gmail.com', 'Diagonal 57 #217-Z 17Sur', '2006-10-30'),
('3887963053', 'TP-1', 'TD-03', 'Flory', 'Salkeld', '36253009187', 'FlorySalkeld@gmail.com', 'Calle 205 #14-D 91Sur', '2007-10-18'),
('3898834059', 'TP-1', 'TD-03', 'Bartholomeo', 'Balfe', '32726173352', 'BartholomeoBalfe@gmail.com', 'Tranversal 24 #108-T 61Sur', '2011-12-22'),
('3909924456', 'TP-2', 'TD-01', 'Zechariah', 'Genn', '32782318313', 'ZechariahGenn@gmail.com', 'Avenida 56 #71-Y 45Sur', '2011-06-02'),
('3918791161', 'TP-1', 'TD-03', 'Ophelie', 'Dudgeon', '33489724957', 'OphelieDudgeon@gmail.com', 'Carrera 121 #51-D 96Sur', '2009-07-19'),
('3929140558', 'TP-1', 'TD-01', 'Rad', 'Hazelden', '36491136138', 'RadHazelden@gmail.com', 'Avenida 126 #2-E 84Sur', '2015-04-07'),
('3930111631', 'TP-1', 'TD-01', 'Dale', 'Edson', '32688553422', 'DaleEdson@gmail.com', 'Tranversal 78 #15-T 17Sur', '2006-06-22'),
('3965773722', 'TP-1', 'TD-04', 'Hewe', 'Hallad', '34189056655', 'HeweHallad@gmail.com', 'Avenida 108 #134-J 7Sur', '2004-01-03'),
('3967513563', 'TP-1', 'TD-02', 'Estevan', 'Garrod', '30067060702', 'EstevanGarrod@gmail.com', 'Carrera 100 #18-O 47Sur', '2002-02-13'),
('3971461464', 'TP-1', 'TD-04', 'Dona', 'Iveagh', '31554892308', 'DonaIveagh@gmail.com', 'Diagonal 22 #111-E 96Sur', '2011-03-05'),
('3973625591', 'TP-1', 'TD-04', 'Lane', 'Salkeld', '34707235666', 'LaneSalkeld@gmail.com', 'Tranversal 91 #168-V 72Sur', '2002-08-25'),
('3976509050', 'TP-1', 'TD-04', 'Hervey', 'Doubleday', '30101014651', 'HerveyDoubleday@gmail.com', 'Calle 110 #167-H 26Sur', '2005-05-21'),
('3979456463', 'TP-1', 'TD-01', 'Tedmund', 'Mosdall', '37032748748', 'TedmundMosdall@gmail.com', 'Avenida 217 #201-Q 20Sur', '2001-04-05'),
('3985739986', 'TP-1', 'TD-04', 'Dehlia', 'Darnbrook', '34566737713', 'DehliaDarnbrook@gmail.com', 'Avenida 168 #148-C 6Sur', '2005-04-02'),
('3994910496', 'TP-2', 'TD-04', 'Humphrey', 'Duddy', '32597296794', 'HumphreyDuddy@gmail.com', 'Avenida 125 #114-W 2Sur', '2009-06-02'),
('4000210191', 'TP-1', 'TD-03', 'Evey', 'Franzini', '31731384867', 'EveyFranzini@gmail.com', 'Diagonal 191 #99-V 96Sur', '2002-03-25'),
('4007997324', 'TP-1', 'TD-04', 'Elvera', 'Basley', '32096432088', 'ElveraBasley@gmail.com', 'Calle 82 #147-P 73Sur', '2011-12-29'),
('4010532933', 'TP-1', 'TD-03', 'Russ', 'OSheilds', '37545683705', 'RussOSheilds@gmail.com', 'Tranversal 196 #175-B 15Sur', '2007-07-23'),
('4021720704', 'TP-1', 'TD-04', 'Sergent', 'Anthonsen', '35408642471', 'SergentAnthonsen@gmail.com', 'Diagonal 97 #4-B 30Sur', '2003-03-03'),
('4028477395', 'TP-1', 'TD-04', 'Dominic', 'Maud', '31228555002', 'DominicMaud@gmail.com', 'Carrera 212 #27-F 70Sur', '2000-01-31'),
('4029219134', 'TP-1', 'TD-02', 'Budd', 'Roussel', '37215724494', 'BuddRoussel@gmail.com', 'Carrera 210 #7-C 33Sur', '2001-02-02'),
('4032252055', 'TP-1', 'TD-01', 'Orton', 'Brauner', '35556303460', 'OrtonBrauner@gmail.com', 'Diagonal 153 #106-B 54Sur', '2001-09-12'),
('4033265083', 'TP-1', 'TD-02', 'Dominic', 'Risson', '37711742556', 'DominicRisson@gmail.com', 'Calle 107 #70-C 42Sur', '2000-03-23'),
('4035423845', 'TP-1', 'TD-02', 'Abie', 'Dullard', '36698068521', 'AbieDullard@gmail.com', 'Tranversal 168 #125-E 17Sur', '2004-05-26'),
('4048292730', 'TP-1', 'TD-04', 'Arlyne', 'Gaylard', '35670363168', 'ArlyneGaylard@gmail.com', 'Tranversal 58 #19-P 76Sur', '2011-07-05'),
('4051014783', 'TP-1', 'TD-01', 'Kienan', 'Annesley', '34415144840', 'KienanAnnesley@gmail.com', 'Tranversal 88 #78-S 33Sur', '2005-07-02'),
('4053649131', 'TP-1', 'TD-04', 'Bondie', 'Cunde', '30458952935', 'BondieCunde@gmail.com', 'Avenida 103 #130-E 2Sur', '2008-07-12'),
('4061645673', 'TP-1', 'TD-01', 'Rose', 'Tathacott', '31277450447', 'RoseTathacott@gmail.com', 'Carrera 55 #84-Z 54Sur', '2001-07-07'),
('4064535181', 'TP-1', 'TD-03', 'Kris', 'Broomhead', '32924515455', 'KrisBroomhead@gmail.com', 'Calle 20 #152-Q 18Sur', '2015-09-23'),
('4072517061', 'TP-1', 'TD-04', 'Bronny', 'Cogzell', '31606769160', 'BronnyCogzell@gmail.com', 'Avenida 75 #133-D 74Sur', '2007-05-31'),
('4085999291', 'TP-1', 'TD-02', 'Corbet', 'Rowth', '30608258187', 'CorbetRowth@gmail.com', 'Calle 135 #99-S 26Sur', '2013-06-15'),
('4090616619', 'TP-1', 'TD-02', 'Ange', 'Fidelli', '36913972967', 'AngeFidelli@gmail.com', 'Carrera 164 #170-X 49Sur', '2007-06-08'),
('4094224107', 'TP-1', 'TD-01', 'Kaine', 'Felix', '37081027667', 'KaineFelix@gmail.com', 'Diagonal 213 #102-A 58Sur', '2012-09-08'),
('4096956712', 'TP-1', 'TD-04', 'Vivianne', 'Hanton', '36974231584', 'VivianneHanton@gmail.com', 'Carrera 133 #62-U 83Sur', '2012-09-22'),
('4100650147', 'TP-1', 'TD-03', 'Clem', 'Filpo', '31104507501', 'ClemFilpo@gmail.com', 'Diagonal 154 #170-P 65Sur', '2002-07-31'),
('4119467001', 'TP-1', 'TD-04', 'Juan', 'Andrzejak', '36866945453', 'JuanAndrzejak@gmail.com', 'Avenida 131 #196-F 74Sur', '2015-02-09'),
('4125969219', 'TP-1', 'TD-03', 'Frederigo', 'Beswetherick', '32640880674', 'FrederigoBeswetherick@gmail.co', 'Diagonal 109 #77-K 57Sur', '2011-12-05'),
('4132100300', 'TP-1', 'TD-01', 'Chilton', 'McCullough', '30555466750', 'ChiltonMcCullough@gmail.com', 'Tranversal 207 #87-V 12Sur', '2000-10-25'),
('4158982781', 'TP-1', 'TD-04', 'Burgess', 'Durward', '36360915310', 'BurgessDurward@gmail.com', 'Carrera 51 #189-R 28Sur', '2014-08-25'),
('4190626568', 'TP-1', 'TD-02', 'Pippo', 'Critchley', '31503219545', 'PippoCritchley@gmail.com', 'Diagonal 200 #144-I 42Sur', '2013-05-17'),
('4197011875', 'TP-1', 'TD-02', 'Grover', 'Fruchter', '32677202808', 'GroverFruchter@gmail.com', 'Tranversal 59 #80-V 50Sur', '2000-08-21'),
('4208696892', 'TP-1', 'TD-01', 'Godwin', 'Piens', '37327072575', 'GodwinPiens@gmail.com', 'Carrera 92 #68-P 63Sur', '2004-07-30'),
('4209764226', 'TP-1', 'TD-02', 'Jilli', 'Brion', '33124704106', 'JilliBrion@gmail.com', 'Tranversal 175 #172-J 93Sur', '2010-05-22');
INSERT INTO tb_personas (TbP_ID_Personas, TbP_Tipo_Personas, TbP_Tipo_Documento, TbP_Nombre, TbP_Apellido, TbP_Telefono, TbP_Direccion_Email, TbP_Direccion, TbP_Fecha_Nacimiento) VALUES
('4210191177', 'TP-1', 'TD-02', 'Maggie', 'Coenraets', '37443498764', 'MaggieCoenraets@gmail.com', 'Calle 55 #122-S 80Sur', '2002-04-16'),
('4227692433', 'TP-1', 'TD-04', 'Leon', 'Havik', '36098106429', 'LeonHavik@gmail.com', 'Avenida 86 #77-U 6Sur', '2001-10-23'),
('4233431165', 'TP-1', 'TD-04', 'Boris', 'Catterick', '35691728763', 'BorisCatterick@gmail.com', 'Carrera 30 #138-K 31Sur', '2015-04-03'),
('4240203963', 'TP-1', 'TD-04', 'Ody', 'Licciardello', '33174909694', 'OdyLicciardello@gmail.com', 'Tranversal 143 #47-N 74Sur', '2009-11-15'),
('4250563155', 'TP-1', 'TD-04', 'Bertie', 'Farncombe', '33566835311', 'BertieFarncombe@gmail.com', 'Tranversal 91 #157-A 29Sur', '2005-05-11'),
('4252460711', 'TP-1', 'TD-04', 'Calvin', 'Smitham', '34279724098', 'CalvinSmitham@gmail.com', 'Carrera 155 #192-S 48Sur', '2004-09-15'),
('4263847487', 'TP-1', 'TD-04', 'Jone', 'Cain', '31022962288', 'JoneCain@gmail.com', 'Calle 101 #198-K 4Sur', '2007-10-31'),
('4273225543', 'TP-1', 'TD-03', 'Adrian', 'Sidery', '35349079380', 'AdrianSidery@gmail.com', 'Tranversal 165 #121-L 67Sur', '2002-05-04'),
('4278305961', 'TP-1', 'TD-02', 'Maurie', 'OScanlan', '35385723820', 'MaurieOScanlan@gmail.com', 'Carrera 96 #77-D 99Sur', '2007-10-24'),
('4280982288', 'TP-1', 'TD-02', 'Wake', 'Killelay', '33980194418', 'WakeKillelay@gmail.com', 'Calle 104 #57-A 25Sur', '2006-02-22'),
('4285893340', 'TP-1', 'TD-03', 'Nissie', 'Edmonds', '36786994378', 'NissieEdmonds@gmail.com', 'Avenida 29 #8-W 31Sur', '2013-12-10'),
('4285905675', 'TP-1', 'TD-04', 'Tiffie', 'Wyles', '35496546935', 'TiffieWyles@gmail.com', 'Calle 188 #61-K 74Sur', '2013-02-18'),
('4298257072', 'TP-2', 'TD-02', 'Dougy', 'Rodd', '36528637668', 'DougyRodd@gmail.com', 'Calle 145 #2-U 38Sur', '2004-12-11'),
('4309855005', 'TP-1', 'TD-01', 'Tabby', 'Geeve', '35081520068', 'TabbyGeeve@gmail.com', 'Calle 44 #156-Y 20Sur', '2000-05-10'),
('4329484400', 'TP-1', 'TD-04', 'Viviene', 'Di Franceshci', '33951768583', 'VivieneDi Franceshci@gmail.com', 'Avenida 100 #98-C 82Sur', '2015-07-23'),
('4331107052', 'TP-2', 'TD-04', 'Archy', 'Turpie', '30050864489', 'ArchyTurpie@gmail.com', 'Carrera 217 #39-Z 20Sur', '2006-05-01'),
('4365451088', 'TP-1', 'TD-02', 'Demetre', 'Pittoli', '30339088179', 'DemetrePittoli@gmail.com', 'Tranversal 23 #63-T 44Sur', '2003-10-24'),
('4392685741', 'TP-1', 'TD-03', 'Elfie', 'Hunnaball', '36370274823', 'ElfieHunnaball@gmail.com', 'Tranversal 5 #8-O 34Sur', '2015-05-26'),
('4393606208', 'TP-1', 'TD-01', 'Cordy', 'Charleston', '37566286554', 'CordyCharleston@gmail.com', 'Avenida 171 #150-C 32Sur', '2003-03-22'),
('4401844341', 'TP-1', 'TD-02', 'Addia', 'Kliemke', '36312363268', 'AddiaKliemke@gmail.com', 'Diagonal 48 #210-Q 91Sur', '2010-09-04'),
('4464108125', 'TP-1', 'TD-03', 'Jamie', 'Oakden', '31419823891', 'JamieOakden@gmail.com', 'Calle 21 #20-P 28Sur', '2003-10-28'),
('4465965822', 'TP-1', 'TD-01', 'Raymond', 'Excell', '34529809471', 'RaymondExcell@gmail.com', 'Calle 109 #201-S 26Sur', '2015-12-20'),
('4476594701', 'TP-2', 'TD-01', 'Tedie', 'Pickerill', '35367520082', 'TediePickerill@gmail.com', 'Carrera 34 #163-P 15Sur', '2003-12-29'),
('4488932956', 'TP-1', 'TD-02', 'Stearn', 'Reuter', '34164142916', 'StearnReuter@gmail.com', 'Calle 33 #81-B 40Sur', '2011-06-29'),
('4504994389', 'TP-1', 'TD-01', 'Cicely', 'Enrigo', '32966556079', 'CicelyEnrigo@gmail.com', 'Tranversal 84 #110-J 12Sur', '2000-07-16'),
('4505923185', 'TP-1', 'TD-04', 'Dale', 'Quartley', '37133460303', 'DaleQuartley@gmail.com', 'Carrera 7 #40-D 11Sur', '2015-09-27'),
('4508191323', 'TP-1', 'TD-04', 'Jaymie', 'Mucklo', '30029742694', 'JaymieMucklo@gmail.com', 'Avenida 202 #78-H 43Sur', '2013-07-24'),
('4535934580', 'TP-1', 'TD-02', 'Ange', 'Flips', '33254107193', 'AngeFlips@gmail.com', 'Avenida 35 #130-N 12Sur', '2008-05-07'),
('4543708619', 'TP-1', 'TD-01', 'Cathyleen', 'Mochan', '33889848939', 'CathyleenMochan@gmail.com', 'Avenida 170 #134-F 90Sur', '2008-08-29'),
('4552367800', 'TP-1', 'TD-01', 'Margery', 'Rossbrooke', '30383854304', 'MargeryRossbrooke@gmail.com', 'Tranversal 104 #211-Z 2Sur', '2007-01-22'),
('4560672293', 'TP-1', 'TD-03', 'Ambrosius', 'Sheriff', '36359874979', 'AmbrosiusSheriff@gmail.com', 'Avenida 24 #218-A 42Sur', '2014-06-29'),
('4561021652', 'TP-1', 'TD-01', 'Stewart', 'Basley', '30124027393', 'StewartBasley@gmail.com', 'Avenida 170 #30-B 89Sur', '2013-05-21'),
('4582143100', 'TP-1', 'TD-04', 'Cordy', 'Marwood', '32870500617', 'CordyMarwood@gmail.com', 'Diagonal 97 #131-Q 89Sur', '2009-01-30'),
('4589347362', 'TP-1', 'TD-04', 'Ody', 'Lesper', '31830761631', 'OdyLesper@gmail.com', 'Diagonal 9 #14-K 58Sur', '2007-12-01'),
('4601682385', 'TP-1', 'TD-04', 'Chaim', 'Treasure', '37640687302', 'ChaimTreasure@gmail.com', 'Calle 128 #3-I 38Sur', '2007-04-01'),
('4615398928', 'TP-1', 'TD-03', 'Batholomew', 'Gladstone', '34098714512', 'BatholomewGladstone@gmail.com', 'Carrera 147 #210-L 90Sur', '2005-03-19'),
('4620269597', 'TP-2', 'TD-01', 'Patrizia', 'Corradetti', '31508706225', 'PatriziaCorradetti@gmail.com', 'Diagonal 112 #87-D 9Sur', '2011-08-03'),
('4622306074', 'TP-2', 'TD-04', 'Woodman', 'Maddison', '33942869113', 'WoodmanMaddison@gmail.com', 'Carrera 145 #179-P 44Sur', '2004-09-18'),
('4624134251', 'TP-1', 'TD-02', 'Gene', 'Vakhrushin', '37017056930', 'GeneVakhrushin@gmail.com', 'Diagonal 165 #45-H 20Sur', '2000-08-19'),
('4624144045', 'TP-1', 'TD-01', 'Carey', 'Kitchingman', '30050660002', 'CareyKitchingman@gmail.com', 'Diagonal 103 #189-R 6Sur', '2005-01-19'),
('4624884715', 'TP-1', 'TD-03', 'Nickie', 'Dimnage', '32841367233', 'NickieDimnage@gmail.com', 'Avenida 18 #155-Y 38Sur', '2012-03-21'),
('4636021345', 'TP-1', 'TD-01', 'Robinetta', 'Simkin', '33957664218', 'RobinettaSimkin@gmail.com', 'Avenida 150 #137-D 24Sur', '2008-03-04'),
('4657605550', 'TP-1', 'TD-03', 'Harwell', 'Bandt', '32263474882', 'HarwellBandt@gmail.com', 'Calle 58 #55-Q 74Sur', '2003-11-26'),
('4657990850', 'TP-2', 'TD-04', 'Filberte', 'Ivachyov', '36991595260', 'FilberteIvachyov@gmail.com', 'Avenida 35 #192-O 48Sur', '2004-07-11'),
('4660649521', 'TP-1', 'TD-03', 'Bronny', 'Antonat', '33544027850', 'BronnyAntonat@gmail.com', 'Avenida 145 #112-L 46Sur', '2010-03-05'),
('4661793534', 'TP-1', 'TD-04', 'Ermin', 'Andrzejak', '33902377028', 'ErminAndrzejak@gmail.com', 'Diagonal 57 #121-G 36Sur', '2000-11-15'),
('4670951598', 'TP-1', 'TD-04', 'Tawnya', 'Kingswell', '30626044133', 'TawnyaKingswell@gmail.com', 'Calle 220 #197-E 99Sur', '2011-03-11'),
('4672408329', 'TP-1', 'TD-01', 'Jessy', 'Knifton', '35417056133', 'JessyKnifton@gmail.com', 'Tranversal 151 #64-S 67Sur', '2003-05-19'),
('4673446447', 'TP-2', 'TD-02', 'Koenraad', 'Postans', '36233278647', 'KoenraadPostans@gmail.com', 'Avenida 121 #8-D 54Sur', '2000-04-24'),
('4694692017', 'TP-2', 'TD-01', 'Noni', 'Myles', '36937181943', 'NoniMyles@gmail.com', 'Calle 164 #50-V 72Sur', '2015-10-11'),
('4695063617', 'TP-1', 'TD-03', 'Dean', 'Yeates', '37436206689', 'DeanYeates@gmail.com', 'Calle 44 #200-V 39Sur', '2011-10-11'),
('4698006930', 'TP-1', 'TD-04', 'Yolane', 'OCridigan', '33180627739', 'YolaneOCridigan@gmail.com', 'Tranversal 22 #42-R 51Sur', '2004-08-03'),
('4698527859', 'TP-1', 'TD-02', 'Daisey', 'Kinnerk', '36613270062', 'DaiseyKinnerk@gmail.com', 'Carrera 164 #194-V 36Sur', '2011-11-04'),
('4706818752', 'TP-1', 'TD-02', 'Abie', 'Adlington', '35237058788', 'AbieAdlington@gmail.com', 'Carrera 19 #135-Z 48Sur', '2006-06-20'),
('4712130859', 'TP-1', 'TD-03', 'Elizabeth', 'Harrington', '36135473322', 'ElizabethHarrington@gmail.com', 'Calle 41 #38-J 32Sur', '2004-08-01'),
('4720960210', 'TP-1', 'TD-02', 'Svend', 'Saladine', '30385873662', 'SvendSaladine@gmail.com', 'Calle 61 #106-D 19Sur', '2010-06-02'),
('4741591925', 'TP-1', 'TD-03', 'Lavinie', 'Vassano', '37201025867', 'LavinieVassano@gmail.com', 'Avenida 179 #5-Z 28Sur', '2015-05-03'),
('4748733216', 'TP-1', 'TD-04', 'Ozzy', 'Pere', '32912844693', 'OzzyPere@gmail.com', 'Avenida 148 #136-R 44Sur', '2015-02-07'),
('4765065629', 'TP-1', 'TD-02', 'Adrian', 'Schooley', '31969800439', 'AdrianSchooley@gmail.com', 'Avenida 33 #66-H 69Sur', '2007-10-10'),
('4771705213', 'TP-1', 'TD-02', 'Livy', 'Cooper', '31955015240', 'LivyCooper@gmail.com', 'Calle 95 #182-Y 39Sur', '2013-01-03'),
('4777973368', 'TP-1', 'TD-01', 'Elias', 'Owlner', '37031524930', 'EliasOwlner@gmail.com', 'Carrera 175 #217-V 16Sur', '2005-02-25'),
('4778769548', 'TP-1', 'TD-03', 'Gun', 'Beetles', '36345714841', 'GunBeetles@gmail.com', 'Carrera 140 #97-S 12Sur', '2011-09-28'),
('4783651894', 'TP-1', 'TD-03', 'Garvey', 'Miranda', '35641960104', 'GarveyMiranda@gmail.com', 'Tranversal 11 #184-D 92Sur', '2003-09-13'),
('4801548171', 'TP-1', 'TD-01', 'Bartram', 'Lackney', '35755651253', 'BartramLackney@gmail.com', 'Calle 126 #149-Q 89Sur', '2009-02-28'),
('4804075912', 'TP-1', 'TD-01', 'Darrel', 'Antonucci', '31029806187', 'DarrelAntonucci@gmail.com', 'Tranversal 18 #64-K 23Sur', '2008-06-07'),
('4815618359', 'TP-1', 'TD-04', 'Rosetta', 'Burchard', '37568985784', 'RosettaBurchard@gmail.com', 'Carrera 79 #9-Y 59Sur', '2009-09-09'),
('4821315119', 'TP-1', 'TD-02', 'Garvey', 'Sprey', '35525406898', 'GarveySprey@gmail.com', 'Tranversal 213 #146-P 66Sur', '2006-12-15'),
('4824484558', 'TP-1', 'TD-02', 'Dael', 'Speir', '33508536985', 'DaelSpeir@gmail.com', 'Calle 199 #141-W 30Sur', '2001-12-06'),
('4839059731', 'TP-1', 'TD-01', 'Godfry', 'Foakes', '32426532292', 'GodfryFoakes@gmail.com', 'Calle 121 #6-C 93Sur', '2003-10-20'),
('4843198278', 'TP-1', 'TD-03', 'Broddie', 'Gerretsen', '33116511451', 'BroddieGerretsen@gmail.com', 'Calle 196 #186-F 68Sur', '2014-07-09'),
('4854400432', 'TP-1', 'TD-04', 'Bartholomeo', 'Buston', '35748289501', 'BartholomeoBuston@gmail.com', 'Avenida 82 #220-A 92Sur', '2001-01-16'),
('4862176223', 'TP-1', 'TD-03', 'Amos', 'Kiln', '35034803165', 'AmosKiln@gmail.com', 'Calle 196 #190-I 2Sur', '2000-09-27'),
('4870316945', 'TP-1', 'TD-01', 'Fraser', 'Rollason', '36812917996', 'FraserRollason@gmail.com', 'Avenida 124 #143-T 13Sur', '2011-04-26'),
('4873074149', 'TP-1', 'TD-01', 'Davine', 'Munehay', '35571790313', 'DavineMunehay@gmail.com', 'Diagonal 34 #63-C 45Sur', '2007-08-02'),
('4893075708', 'TP-2', 'TD-01', 'Alf', 'Davidovich', '33028094258', 'AlfDavidovich@gmail.com', 'Calle 174 #46-B 86Sur', '2011-04-11'),
('4908080205', 'TP-1', 'TD-01', 'Angeli', 'Bridywater', '32195362685', 'AngeliBridywater@gmail.com', 'Calle 166 #150-G 98Sur', '2010-11-17'),
('4909888310', 'TP-1', 'TD-02', 'Mitchel', 'Strowger', '37558013328', 'MitchelStrowger@gmail.com', 'Carrera 104 #108-M 70Sur', '2014-04-28'),
('4910021389', 'TP-1', 'TD-03', 'Corbet', 'Griswood', '37195056003', 'CorbetGriswood@gmail.com', 'Carrera 219 #75-W 96Sur', '2004-08-21'),
('4927181633', 'TP-1', 'TD-02', 'Maurise', 'Rhodef', '35934574173', 'MauriseRhodef@gmail.com', 'Tranversal 114 #142-C 38Sur', '2001-11-20'),
('4931122427', 'TP-1', 'TD-03', 'Kimble', 'Beswetherick', '33317780345', 'KimbleBeswetherick@gmail.com', 'Carrera 217 #62-E 97Sur', '2000-10-29'),
('4934751268', 'TP-1', 'TD-04', 'Valera', 'Grout', '33587256026', 'ValeraGrout@gmail.com', 'Tranversal 127 #190-Y 46Sur', '2001-03-22'),
('4939609439', 'TP-1', 'TD-01', 'Kienan', 'Drains', '33440532248', 'KienanDrains@gmail.com', 'Avenida 120 #47-O 37Sur', '2000-09-16'),
('4953282084', 'TP-1', 'TD-02', 'Allister', 'McCandless', '31660166885', 'AllisterMcCandless@gmail.com', 'Calle 26 #126-R 40Sur', '2005-01-21'),
('4977055883', 'TP-1', 'TD-04', 'Yuri', 'Mebs', '32600035778', 'YuriMebs@gmail.com', 'Carrera 29 #92-U 96Sur', '2010-03-21'),
('4978473074', 'TP-1', 'TD-02', 'Zackariah', 'Cristea', '34510058870', 'ZackariahCristea@gmail.com', 'Diagonal 27 #51-L 25Sur', '2009-06-29'),
('4984847308', 'TP-1', 'TD-04', 'Farrell', 'Rispin', '34379209799', 'FarrellRispin@gmail.com', 'Diagonal 64 #220-A 65Sur', '2008-09-29'),
('4988054053', 'TP-1', 'TD-04', 'Baryram', 'Eversfield', '31317174323', 'BaryramEversfield@gmail.com', 'Carrera 27 #197-L 96Sur', '2010-08-27'),
('4989242359', 'TP-1', 'TD-03', 'Jason', 'Groundwater', '32869776367', 'JasonGroundwater@gmail.com', 'Calle 139 #105-G 27Sur', '2002-04-07'),
('4998558365', 'TP-1', 'TD-04', 'Franky', 'Galiero', '36862487070', 'FrankyGaliero@gmail.com', 'Diagonal 60 #3-R 85Sur', '2002-07-18'),
('5004218745', 'TP-1', 'TD-04', 'Russ', 'Licciardello', '37173314120', 'RussLicciardello@gmail.com', 'Carrera 93 #132-N 72Sur', '2015-12-07'),
('5010414269', 'TP-1', 'TD-02', 'Grover', 'Hanratty', '34899414890', 'GroverHanratty@gmail.com', 'Tranversal 193 #108-Q 81Sur', '2014-04-21'),
('5020801908', 'TP-1', 'TD-04', 'Alf', 'Balnave', '30282540336', 'AlfBalnave@gmail.com', 'Calle 77 #157-J 20Sur', '2003-08-17'),
('5034523390', 'TP-1', 'TD-04', 'Wernher', 'Smales', '30756010177', 'WernherSmales@gmail.com', 'Diagonal 197 #111-Q 30Sur', '2002-04-13'),
('5034810683', 'TP-1', 'TD-02', 'Jacquelin', 'Puddicombe', '37669020713', 'JacquelinPuddicombe@gmail.com', 'Diagonal 145 #126-P 96Sur', '2007-12-03'),
('5046107246', 'TP-1', 'TD-04', 'Keane', 'OLynn', '35492292850', 'KeaneOLynn@gmail.com', 'Avenida 199 #117-T 32Sur', '2012-04-30'),
('5054681224', 'TP-1', 'TD-03', 'Gayler', 'Neville', '37293056724', 'GaylerNeville@gmail.com', 'Avenida 39 #131-L 60Sur', '2011-11-20'),
('5074265330', 'TP-1', 'TD-01', 'Margery', 'Parton', '33922629827', 'MargeryParton@gmail.com', 'Tranversal 47 #61-M 87Sur', '2005-08-02'),
('5087067857', 'TP-1', 'TD-02', 'Yehudit', 'Faughny', '34776193048', 'YehuditFaughny@gmail.com', 'Avenida 7 #68-W 74Sur', '2006-11-19'),
('5090568384', 'TP-1', 'TD-01', 'Dicky', 'Parkins', '31312305697', 'DickyParkins@gmail.com', 'Carrera 14 #41-K 66Sur', '2012-04-23'),
('5101453534', 'TP-2', 'TD-04', 'Biddy', 'Traylen', '35651435302', 'BiddyTraylen@gmail.com', 'Tranversal 141 #212-X 69Sur', '2004-02-10'),
('5101662028', 'TP-1', 'TD-04', 'Dennet', 'Dawtry', '37284263048', 'DennetDawtry@gmail.com', 'Carrera 188 #82-O 43Sur', '2013-05-15'),
('5101718416', 'TP-1', 'TD-04', 'Fania', 'House', '30566041704', 'FaniaHouse@gmail.com', 'Calle 84 #78-W 17Sur', '2010-09-27'),
('5119872997', 'TP-1', 'TD-02', 'Adolphe', 'Strognell', '30308447472', 'AdolpheStrognell@gmail.com', 'Tranversal 4 #119-X 99Sur', '2003-06-27'),
('5119874332', 'TP-1', 'TD-02', 'Karel', 'Holson', '33831926632', 'KarelHolson@gmail.com', 'Diagonal 206 #84-I 32Sur', '2010-01-09'),
('5126425147', 'TP-1', 'TD-01', 'Graeme', 'Taplow', '36042326501', 'GraemeTaplow@gmail.com', 'Carrera 209 #136-O 95Sur', '2015-03-15'),
('5126531215', 'TP-1', 'TD-03', 'Isidoro', 'Bridywater', '30788506737', 'IsidoroBridywater@gmail.com', 'Calle 70 #37-Q 66Sur', '2015-01-21'),
('5134591534', 'TP-2', 'TD-03', 'Tucker', 'Crump', '33656802258', 'TuckerCrump@gmail.com', 'Diagonal 121 #212-U 72Sur', '2005-09-03'),
('5148679099', 'TP-1', 'TD-02', 'Jeddy', 'Chaffen', '35214039746', 'JeddyChaffen@gmail.com', 'Avenida 4 #105-C 4Sur', '2002-01-27'),
('5155760695', 'TP-1', 'TD-02', 'Ricoriki', 'Halpine', '35910443009', 'RicorikiHalpine@gmail.com', 'Calle 178 #166-J 47Sur', '2002-10-16'),
('5162670188', 'TP-1', 'TD-04', 'Victor', 'Kelinge', '35032487157', 'VictorKelinge@gmail.com', 'Avenida 89 #143-O 11Sur', '2012-10-22'),
('5171820820', 'TP-1', 'TD-03', 'Dael', 'Haggath', '34771573931', 'DaelHaggath@gmail.com', 'Avenida 83 #35-Z 68Sur', '2013-04-22'),
('5190066571', 'TP-1', 'TD-04', 'Gay', 'Crump', '32367313650', 'GayCrump@gmail.com', 'Tranversal 216 #12-Z 40Sur', '2013-01-22'),
('5208784890', 'TP-1', 'TD-01', 'Neale', 'Foakes', '35718106284', 'NealeFoakes@gmail.com', 'Diagonal 20 #36-F 80Sur', '2005-06-18'),
('5215979840', 'TP-1', 'TD-03', 'Grover', 'Blumer', '30236934852', 'GroverBlumer@gmail.com', 'Tranversal 132 #135-M 18Sur', '2000-03-12'),
('5255564103', 'TP-1', 'TD-01', 'Ambrosi', 'Gilhooley', '31269762486', 'AmbrosiGilhooley@gmail.com', 'Carrera 4 #90-C 42Sur', '2006-09-15'),
('5256376610', 'TP-1', 'TD-01', 'Stearn', 'Clitheroe', '36486228248', 'StearnClitheroe@gmail.com', 'Carrera 217 #139-Z 46Sur', '2006-07-29'),
('5266905635', 'TP-1', 'TD-04', 'Clerissa', 'Lesper', '37548040765', 'ClerissaLesper@gmail.com', 'Tranversal 198 #31-O 13Sur', '2015-03-21'),
('5271719754', 'TP-1', 'TD-01', 'Olwen', 'Benbough', '35112585538', 'OlwenBenbough@gmail.com', 'Diagonal 77 #180-W 47Sur', '2002-12-29'),
('5280155081', 'TP-1', 'TD-04', 'Hammad', 'Knifton', '33352557302', 'HammadKnifton@gmail.com', 'Avenida 52 #132-O 85Sur', '2011-06-14'),
('5290103467', 'TP-1', 'TD-04', 'Mohandas', 'Jest', '36894202294', 'MohandasJest@gmail.com', 'Diagonal 16 #143-B 31Sur', '2014-03-02'),
('5292681804', 'TP-1', 'TD-02', 'Kelley', 'Beetles', '31346889332', 'KelleyBeetles@gmail.com', 'Diagonal 154 #65-C 10Sur', '2013-12-12'),
('5304558000', 'TP-1', 'TD-01', 'Godfry', 'Ludlem', '32976987466', 'GodfryLudlem@gmail.com', 'Tranversal 67 #155-G 89Sur', '2005-02-28'),
('5320037295', 'TP-2', 'TD-04', 'Robinetta', 'Gaylard', '32086374305', 'RobinettaGaylard@gmail.com', 'Carrera 126 #181-W 18Sur', '2000-12-09'),
('5334612249', 'TP-1', 'TD-03', 'Lewes', 'Farra', '37653722637', 'LewesFarra@gmail.com', 'Avenida 124 #198-H 36Sur', '2015-11-11'),
('5349957809', 'TP-1', 'TD-02', 'Mack', 'Breazeall', '33789943614', 'MackBreazeall@gmail.com', 'Carrera 73 #205-H 27Sur', '2001-03-09'),
('5354103246', 'TP-1', 'TD-01', 'Hoyt', 'Bagnal', '35331733301', 'HoytBagnal@gmail.com', 'Carrera 87 #73-K 37Sur', '2010-07-11'),
('5355677065', 'TP-1', 'TD-01', 'Dione', 'Owlner', '34726574451', 'DioneOwlner@gmail.com', 'Avenida 24 #5-R 19Sur', '2001-01-26'),
('5361524230', 'TP-1', 'TD-01', 'Eliot', 'Brandom', '36058866971', 'EliotBrandom@gmail.com', 'Tranversal 217 #78-I 70Sur', '2011-09-08'),
('5364975840', 'TP-2', 'TD-02', 'Spense', 'Shoute', '30009386539', 'SpenseShoute@gmail.com', 'Avenida 13 #61-D 81Sur', '2003-03-01'),
('5371165158', 'TP-1', 'TD-02', 'Darrick', 'Fruchter', '31127607797', 'DarrickFruchter@gmail.com', 'Tranversal 91 #114-V 10Sur', '2004-02-06'),
('5421499222', 'TP-1', 'TD-01', 'Basilio', 'Loblie', '33735498089', 'BasilioLoblie@gmail.com', 'Calle 103 #60-J 19Sur', '2013-08-19'),
('5426147866', 'TP-2', 'TD-01', 'Packston', 'Kennerley', '32588191961', 'PackstonKennerley@gmail.com', 'Diagonal 123 #157-R 78Sur', '2007-01-12'),
('5436382190', 'TP-1', 'TD-01', 'Arnaldo', 'Olifaunt', '32394568191', 'ArnaldoOlifaunt@gmail.com', 'Diagonal 44 #153-D 18Sur', '2012-08-03'),
('5473346480', 'TP-1', 'TD-02', 'Darrick', 'Farbrace', '34240766564', 'DarrickFarbrace@gmail.com', 'Tranversal 37 #94-M 73Sur', '2007-07-10'),
('5477388892', 'TP-1', 'TD-01', 'Jessee', 'Vassel', '30206402771', 'JesseeVassel@gmail.com', 'Avenida 70 #104-Z 53Sur', '2013-12-21'),
('5478128448', 'TP-1', 'TD-01', 'Minnie', 'Drains', '31469843364', 'MinnieDrains@gmail.com', 'Diagonal 81 #134-R 67Sur', '2011-04-17'),
('5487766703', 'TP-1', 'TD-03', 'Irvine', 'Petraitis', '30122926405', 'IrvinePetraitis@gmail.com', 'Calle 15 #5-C 3Sur', '2003-05-07'),
('5494816002', 'TP-1', 'TD-01', 'Rodrick', 'Peacher', '35090740750', 'RodrickPeacher@gmail.com', 'Carrera 78 #19-V 3Sur', '2007-07-01'),
('5496860676', 'TP-2', 'TD-01', 'Karlee', 'Czapla', '37633595168', 'KarleeCzapla@gmail.com', 'Tranversal 72 #218-H 87Sur', '2015-09-15'),
('5503031526', 'TP-1', 'TD-03', 'Isaiah', 'Davidovich', '35184866597', 'IsaiahDavidovich@gmail.com', 'Tranversal 2 #90-R 59Sur', '2000-04-12'),
('5504712665', 'TP-1', 'TD-02', 'Archy', 'Mathely', '36238476540', 'ArchyMathely@gmail.com', 'Avenida 215 #34-T 83Sur', '2015-03-29'),
('5504871568', 'TP-1', 'TD-01', 'Nappy', 'Jacobowits', '32890064083', 'NappyJacobowits@gmail.com', 'Carrera 98 #121-B 71Sur', '2005-10-01'),
('5510918671', 'TP-1', 'TD-03', 'Brenden', 'Duddy', '37192118188', 'BrendenDuddy@gmail.com', 'Carrera 215 #165-I 52Sur', '2013-03-22'),
('5514943036', 'TP-1', 'TD-01', 'Moss', 'Shrieve', '30049577745', 'MossShrieve@gmail.com', 'Tranversal 56 #30-D 34Sur', '2005-01-30'),
('5519360535', 'TP-1', 'TD-01', 'Prentiss', 'Tarrier', '35057615547', 'PrentissTarrier@gmail.com', 'Tranversal 5 #189-S 63Sur', '2000-06-07'),
('5540737806', 'TP-1', 'TD-01', 'Fidel', 'Robker', '31440536182', 'FidelRobker@gmail.com', 'Avenida 61 #206-B 35Sur', '2002-12-12'),
('5541240833', 'TP-1', 'TD-01', 'Jessie', 'Frusher', '34530844387', 'JessieFrusher@gmail.com', 'Calle 111 #204-G 3Sur', '2010-01-25'),
('5543117168', 'TP-1', 'TD-03', 'Burtie', 'Konerding', '30051164773', 'BurtieKonerding@gmail.com', 'Calle 195 #88-W 82Sur', '2014-03-08'),
('5546088252', 'TP-1', 'TD-03', 'Marshal', 'Brion', '31106743331', 'MarshalBrion@gmail.com', 'Calle 130 #102-V 74Sur', '2014-04-22'),
('5549791378', 'TP-2', 'TD-03', 'Rand', 'Rudeforth', '37164029836', 'RandRudeforth@gmail.com', 'Tranversal 63 #107-B 30Sur', '2002-11-11'),
('5554641958', 'TP-1', 'TD-02', 'Joel', 'Bellhouse', '33672120269', 'JoelBellhouse@gmail.com', 'Diagonal 206 #55-I 57Sur', '2006-11-07'),
('5557996726', 'TP-1', 'TD-03', 'Byram', 'Buttrey', '33278419762', 'ByramButtrey@gmail.com', 'Tranversal 45 #23-X 33Sur', '2004-11-02'),
('5561911265', 'TP-1', 'TD-01', 'Amalie', 'Gavaghan', '31502547118', 'AmalieGavaghan@gmail.com', 'Carrera 205 #125-M 85Sur', '2001-08-02'),
('5571247579', 'TP-1', 'TD-04', 'Ricoriki', 'Klaff', '35653916056', 'RicorikiKlaff@gmail.com', 'Calle 179 #62-P 42Sur', '2013-07-02'),
('5579239487', 'TP-1', 'TD-01', 'Roosevelt', 'Nudde', '35513902029', 'RooseveltNudde@gmail.com', 'Diagonal 18 #123-N 12Sur', '2015-01-04'),
('5583797780', 'TP-1', 'TD-01', 'Lonny', 'Mutimer', '34656635210', 'LonnyMutimer@gmail.com', 'Diagonal 70 #9-I 37Sur', '2014-05-27'),
('5586117652', 'TP-1', 'TD-02', 'Russ', 'Lawrenz', '36542171453', 'RussLawrenz@gmail.com', 'Tranversal 140 #32-B 85Sur', '2014-12-18'),
('5589189223', 'TP-1', 'TD-03', 'Eran', 'Shawel', '32822039051', 'EranShawel@gmail.com', 'Carrera 80 #205-Q 50Sur', '2013-06-07'),
('5611959428', 'TP-1', 'TD-01', 'Dorry', 'Reichelt', '35138150013', 'DorryReichelt@gmail.com', 'Tranversal 47 #43-Y 24Sur', '2000-11-09'),
('5620897164', 'TP-1', 'TD-03', 'Addy', 'Molineux', '33884921477', 'AddyMolineux@gmail.com', 'Carrera 32 #111-E 87Sur', '2003-07-03'),
('5627009320', 'TP-1', 'TD-02', 'Melita', 'Wasiela', '32363578872', 'MelitaWasiela@gmail.com', 'Calle 41 #69-F 72Sur', '2015-03-20'),
('5642663718', 'TP-1', 'TD-02', 'Cleo', 'Lesslie', '37130143170', 'CleoLesslie@gmail.com', 'Calle 12 #149-Q 21Sur', '2002-02-17'),
('5646326840', 'TP-1', 'TD-04', 'Newton', 'Bracer', '37585528043', 'NewtonBracer@gmail.com', 'Tranversal 117 #146-H 32Sur', '2015-07-25'),
('5656536603', 'TP-1', 'TD-01', 'Hollis', 'Garrod', '30221470180', 'HollisGarrod@gmail.com', 'Diagonal 149 #145-I 5Sur', '2009-03-03'),
('5660010681', 'TP-1', 'TD-02', 'Charmine', 'Althorpe', '30400528119', 'CharmineAlthorpe@gmail.com', 'Avenida 41 #57-J 67Sur', '2010-03-04'),
('5662974997', 'TP-2', 'TD-01', 'Hunt', 'Brobyn', '31996578905', 'HuntBrobyn@gmail.com', 'Carrera 202 #150-S 24Sur', '2005-10-30'),
('5716010893', 'TP-1', 'TD-02', 'Colin', 'Bridewell', '34248238347', 'ColinBridewell@gmail.com', 'Tranversal 169 #91-P 26Sur', '2005-09-19'),
('5732400768', 'TP-1', 'TD-01', 'Rickert', 'Kivell', '33899243052', 'RickertKivell@gmail.com', 'Tranversal 111 #91-F 82Sur', '2000-09-23'),
('5733345158', 'TP-1', 'TD-01', 'Ky', 'Sulley', '33297147377', 'KySulley@gmail.com', 'Carrera 14 #178-A 73Sur', '2014-01-17'),
('5739217743', 'TP-1', 'TD-04', 'Waldo', 'Sharpling', '30675975471', 'WaldoSharpling@gmail.com', 'Diagonal 157 #156-Z 65Sur', '2008-11-03'),
('5748749692', 'TP-1', 'TD-03', 'Hewet', 'Pattisson', '36124278722', 'HewetPattisson@gmail.com', 'Calle 99 #170-Y 34Sur', '2007-11-27'),
('5752199726', 'TP-1', 'TD-03', 'Ky', 'Duly', '32852072454', 'KyDuly@gmail.com', 'Tranversal 8 #135-W 92Sur', '2002-10-11'),
('5757528223', 'TP-1', 'TD-01', 'Tailor', 'Luxon', '34886506379', 'TailorLuxon@gmail.com', 'Carrera 164 #164-P 19Sur', '2000-07-29'),
('5767322135', 'TP-1', 'TD-04', 'Baxter', 'Dumphries', '35731876341', 'BaxterDumphries@gmail.com', 'Tranversal 192 #185-O 29Sur', '2001-03-15'),
('5782932020', 'TP-1', 'TD-04', 'Hortense', 'Dimnage', '34518159483', 'HortenseDimnage@gmail.com', 'Avenida 127 #175-G 42Sur', '2011-10-04'),
('5784015721', 'TP-1', 'TD-01', 'Zackariah', 'Tyt', '30822245648', 'ZackariahTyt@gmail.com', 'Carrera 44 #22-K 99Sur', '2009-01-20'),
('5795493723', 'TP-1', 'TD-03', 'Pietrek', 'Leat', '30801812790', 'PietrekLeat@gmail.com', 'Calle 18 #162-P 4Sur', '2012-08-05'),
('5810833776', 'TP-1', 'TD-03', 'Lincoln', 'Laba', '34430265145', 'LincolnLaba@gmail.com', 'Calle 217 #187-C 77Sur', '2013-04-21'),
('5811690103', 'TP-1', 'TD-02', 'Keane', 'Debrick', '31268918292', 'KeaneDebrick@gmail.com', 'Tranversal 81 #154-G 8Sur', '2014-08-15'),
('5811894641', 'TP-1', 'TD-02', 'Reynold', 'Tordoff', '31491973858', 'ReynoldTordoff@gmail.com', 'Diagonal 136 #189-T 48Sur', '2008-02-04'),
('5814921223', 'TP-2', 'TD-01', 'Tam', 'Fury', '35226139902', 'TamFury@gmail.com', 'Calle 128 #212-U 67Sur', '2007-04-05'),
('5816554406', 'TP-1', 'TD-04', 'Alvina', 'Charlon', '37364266994', 'AlvinaCharlon@gmail.com', 'Tranversal 21 #67-L 28Sur', '2004-02-20'),
('5827128673', 'TP-1', 'TD-01', 'Sherry', 'Thompson', '33468541560', 'SherryThompson@gmail.com', 'Calle 136 #46-N 34Sur', '2009-11-16'),
('5829755346', 'TP-1', 'TD-04', 'Bailie', 'Brandom', '37740810116', 'BailieBrandom@gmail.com', 'Avenida 58 #127-D 26Sur', '2014-03-05'),
('5866036357', 'TP-1', 'TD-02', 'Zorah', 'Bridgestock', '34660787077', 'ZorahBridgestock@gmail.com', 'Tranversal 64 #174-R 84Sur', '2008-05-25'),
('5866314858', 'TP-1', 'TD-03', 'Sully', 'Lesslie', '36131995042', 'SullyLesslie@gmail.com', 'Tranversal 198 #46-K 17Sur', '2002-02-25'),
('5868625300', 'TP-1', 'TD-04', 'Syd', 'Hollibone', '32192386064', 'SydHollibone@gmail.com', 'Tranversal 26 #16-F 77Sur', '2003-07-28'),
('5876766770', 'TP-1', 'TD-03', 'Darby', 'Flips', '32044682832', 'DarbyFlips@gmail.com', 'Carrera 121 #63-Q 45Sur', '2011-11-17'),
('5888110457', 'TP-2', 'TD-04', 'Dell', 'Vaulkhard', '32028929243', 'DellVaulkhard@gmail.com', 'Calle 67 #77-B 90Sur', '2009-08-25'),
('5893004142', 'TP-1', 'TD-04', 'Liam', 'Kennady', '36118491163', 'LiamKennady@gmail.com', 'Diagonal 118 #1-C 62Sur', '2010-12-12'),
('5905654615', 'TP-1', 'TD-03', 'Any', 'Kellaway', '33506793975', 'AnyKellaway@gmail.com', 'Carrera 66 #46-Q 53Sur', '2015-11-02'),
('5912842707', 'TP-1', 'TD-02', 'Lewes', 'Tenny', '30281570639', 'LewesTenny@gmail.com', 'Avenida 35 #114-D 38Sur', '2006-08-29'),
('5929305986', 'TP-1', 'TD-01', 'Merell', 'Rossbrooke', '33997097191', 'MerellRossbrooke@gmail.com', 'Tranversal 174 #190-S 57Sur', '2006-08-28'),
('5930423501', 'TP-1', 'TD-03', 'Saleem', 'Allsep', '35929410150', 'SaleemAllsep@gmail.com', 'Avenida 155 #195-E 98Sur', '2006-10-03'),
('5937841434', 'TP-1', 'TD-03', 'Homere', 'Havik', '37161571375', 'HomereHavik@gmail.com', 'Tranversal 10 #67-X 16Sur', '2014-05-24'),
('5948490297', 'TP-1', 'TD-01', 'Vernen', 'Jugging', '35853943293', 'VernenJugging@gmail.com', 'Avenida 173 #165-G 53Sur', '2013-11-01'),
('5950368398', 'TP-1', 'TD-02', 'Piggy', 'Wilber', '34974059334', 'PiggyWilber@gmail.com', 'Diagonal 85 #165-W 62Sur', '2003-06-12'),
('5961883420', 'TP-1', 'TD-01', 'Lance', 'Luxon', '30059509189', 'LanceLuxon@gmail.com', 'Diagonal 194 #146-K 75Sur', '2014-10-26'),
('5962152930', 'TP-2', 'TD-03', 'Minny', 'Skupinski', '31497521861', 'MinnySkupinski@gmail.com', 'Avenida 103 #149-S 67Sur', '2000-10-13'),
('5972284402', 'TP-1', 'TD-04', 'Prentiss', 'Scobbie', '33846342653', 'PrentissScobbie@gmail.com', 'Carrera 18 #121-K 81Sur', '2010-04-20'),
('5988640911', 'TP-1', 'TD-01', 'Juan', 'Jakab', '37705611674', 'JuanJakab@gmail.com', 'Calle 79 #111-G 21Sur', '2015-12-01'),
('5993050549', 'TP-1', 'TD-03', 'Byron', 'Capstaff', '37450944841', 'ByronCapstaff@gmail.com', 'Diagonal 218 #74-B 74Sur', '2010-11-02'),
('6017988496', 'TP-1', 'TD-01', 'Arnaldo', 'Pellatt', '34051262031', 'ArnaldoPellatt@gmail.com', 'Carrera 25 #175-I 79Sur', '2011-10-31'),
('6021387670', 'TP-1', 'TD-03', 'Madison', 'Edens', '35277162686', 'MadisonEdens@gmail.com', 'Tranversal 163 #108-I 30Sur', '2003-04-02'),
('6044642995', 'TP-1', 'TD-04', 'Miner', 'Simonaitis', '31091026616', 'MinerSimonaitis@gmail.com', 'Calle 78 #166-S 4Sur', '2004-10-31'),
('6047102757', 'TP-1', 'TD-04', 'Hammad', 'Pellatt', '32613410539', 'HammadPellatt@gmail.com', 'Avenida 54 #4-G 16Sur', '2007-02-13'),
('6061754305', 'TP-1', 'TD-03', 'Dita', 'Biddy', '35384750825', 'DitaBiddy@gmail.com', 'Calle 69 #205-L 69Sur', '2002-12-07'),
('6093418175', 'TP-1', 'TD-04', 'Humfrid', 'Keig', '33215173620', 'HumfridKeig@gmail.com', 'Tranversal 11 #181-A 87Sur', '2002-08-08'),
('6097996115', 'TP-1', 'TD-03', 'Rickert', 'Smales', '36889592147', 'RickertSmales@gmail.com', 'Avenida 63 #197-Y 34Sur', '2006-03-16'),
('6115238932', 'TP-1', 'TD-02', 'Demetre', 'Rustich', '35912160557', 'DemetreRustich@gmail.com', 'Avenida 153 #141-U 66Sur', '2011-12-30'),
('6122179232', 'TP-1', 'TD-04', 'Eliot', 'Eagleton', '37011670608', 'EliotEagleton@gmail.com', 'Calle 96 #55-E 7Sur', '2003-12-07'),
('6129337883', 'TP-1', 'TD-01', 'Margery', 'Pardie', '37615651925', 'MargeryPardie@gmail.com', 'Calle 26 #214-E 61Sur', '2001-01-06'),
('6145809003', 'TP-1', 'TD-03', 'Druci', 'Worpole', '36727500004', 'DruciWorpole@gmail.com', 'Tranversal 64 #105-F 39Sur', '2005-10-12'),
('6157247001', 'TP-1', 'TD-03', 'Prinz', 'Moulds', '34294074429', 'PrinzMoulds@gmail.com', 'Tranversal 112 #53-W 86Sur', '2003-10-09'),
('6157295692', 'TP-2', 'TD-04', 'Boigie', 'Sorrie', '36049088370', 'BoigieSorrie@gmail.com', 'Avenida 170 #52-T 91Sur', '2010-12-31'),
('6158320981', 'TP-1', 'TD-02', 'Leroy', 'Berthe', '30544070233', 'LeroyBerthe@gmail.com', 'Avenida 130 #114-Y 10Sur', '2012-01-05'),
('6165102784', 'TP-1', 'TD-01', 'Dex', 'Griswood', '32449690664', 'DexGriswood@gmail.com', 'Carrera 69 #6-E 96Sur', '2003-04-25'),
('6170207350', 'TP-1', 'TD-01', 'Rickert', 'Konerding', '32427631384', 'RickertKonerding@gmail.com', 'Carrera 209 #54-D 19Sur', '2003-02-14'),
('6187021958', 'TP-1', 'TD-02', 'Ernest', 'Mathely', '35173936198', 'ErnestMathely@gmail.com', 'Carrera 71 #53-L 85Sur', '2015-09-25'),
('6188753966', 'TP-1', 'TD-02', 'Ewen', 'Bracer', '30198656357', 'EwenBracer@gmail.com', 'Tranversal 126 #107-K 88Sur', '2007-12-01'),
('6193718661', 'TP-1', 'TD-03', 'Imogene', 'Stroton', '31834409238', 'ImogeneStroton@gmail.com', 'Tranversal 121 #140-H 15Sur', '2010-11-01'),
('6196061724', 'TP-1', 'TD-03', 'Teddy', 'Cammack', '33346851201', 'TeddyCammack@gmail.com', 'Tranversal 114 #118-A 72Sur', '2013-08-12'),
('6197797324', 'TP-1', 'TD-01', 'Gayler', 'Catterick', '36309416441', 'GaylerCatterick@gmail.com', 'Diagonal 136 #18-K 38Sur', '2012-12-18'),
('6203487255', 'TP-1', 'TD-03', 'Hewet', 'Bagguley', '30538751430', 'HewetBagguley@gmail.com', 'Avenida 109 #215-R 45Sur', '2010-02-09'),
('6224125084', 'TP-2', 'TD-04', 'Odey', 'Basketter', '31982010648', 'OdeyBasketter@gmail.com', 'Calle 156 #113-Y 4Sur', '2008-04-29'),
('6226518125', 'TP-1', 'TD-02', 'Moise', 'Dupree', '33965506962', 'MoiseDupree@gmail.com', 'Calle 153 #172-L 39Sur', '2013-07-11'),
('6227959521', 'TP-1', 'TD-02', 'Ernest', 'Twiddell', '33225839797', 'ErnestTwiddell@gmail.com', 'Diagonal 71 #53-Q 50Sur', '2005-08-18'),
('6230608762', 'TP-2', 'TD-01', 'Brunhilde', 'Frugier', '37093361150', 'BrunhildeFrugier@gmail.com', 'Calle 120 #62-X 70Sur', '2013-12-29'),
('6249748529', 'TP-1', 'TD-04', 'Celisse', 'Wyson', '33591422843', 'CelisseWyson@gmail.com', 'Tranversal 59 #97-Q 76Sur', '2000-11-17'),
('6251827844', 'TP-1', 'TD-03', 'Riobard', 'Hillam', '30726246110', 'RiobardHillam@gmail.com', 'Tranversal 30 #125-M 94Sur', '2003-07-01'),
('6254564313', 'TP-1', 'TD-04', 'Erik', 'Cain', '30828738955', 'ErikCain@gmail.com', 'Tranversal 42 #88-Y 33Sur', '2004-05-14'),
('6255503361', 'TP-1', 'TD-04', 'Judd', 'Doll', '33905382530', 'JuddDoll@gmail.com', 'Calle 53 #19-R 10Sur', '2013-03-01'),
('6259118020', 'TP-1', 'TD-02', 'Free', 'Pope', '34846914133', 'FreePope@gmail.com', 'Calle 145 #162-M 89Sur', '2004-04-19'),
('6265069149', 'TP-1', 'TD-02', 'Alberto', 'Izaks', '32812341886', 'AlbertoIzaks@gmail.com', 'Calle 186 #93-B 81Sur', '2002-05-07'),
('6268635574', 'TP-1', 'TD-02', 'York', 'McAndie', '30832194345', 'YorkMcAndie@gmail.com', 'Tranversal 180 #183-L 4Sur', '2008-02-25'),
('6286483118', 'TP-1', 'TD-04', 'Pepito', 'Korfmann', '31038039561', 'PepitoKorfmann@gmail.com', 'Avenida 168 #87-Z 56Sur', '2003-07-03'),
('6289209293', 'TP-1', 'TD-03', 'Brian', 'Taplow', '36730572554', 'BrianTaplow@gmail.com', 'Calle 85 #36-G 68Sur', '2002-11-21'),
('6294644168', 'TP-1', 'TD-02', 'Jarret', 'Moyse', '31164316080', 'JarretMoyse@gmail.com', 'Carrera 135 #9-T 3Sur', '2011-10-06'),
('6310836528', 'TP-1', 'TD-04', 'Lorry', 'Corradetti', '36572073829', 'LorryCorradetti@gmail.com', 'Tranversal 50 #172-S 8Sur', '2005-08-06'),
('6327004745', 'TP-1', 'TD-03', 'Maury', 'Bridewell', '34925645500', 'MauryBridewell@gmail.com', 'Tranversal 11 #44-Y 95Sur', '2005-05-20'),
('6334147443', 'TP-2', 'TD-04', 'Rudolf', 'Radin', '32366184901', 'RudolfRadin@gmail.com', 'Carrera 102 #134-K 63Sur', '2013-09-04'),
('6342012789', 'TP-1', 'TD-01', 'Aylmar', 'Jagg', '32633991851', 'AylmarJagg@gmail.com', 'Tranversal 169 #80-K 57Sur', '2010-09-24'),
('6342798443', 'TP-1', 'TD-04', 'Prince', 'Pibworth', '34430704668', 'PrincePibworth@gmail.com', 'Avenida 88 #2-B 15Sur', '2011-02-26'),
('6343184875', 'TP-1', 'TD-02', 'Dell', 'Kennady', '36992671188', 'DellKennady@gmail.com', 'Avenida 115 #204-I 67Sur', '2007-05-19'),
('6363440859', 'TP-1', 'TD-01', 'Ambrosi', 'Hanton', '37505904546', 'AmbrosiHanton@gmail.com', 'Carrera 97 #125-S 50Sur', '2000-07-31'),
('6369284008', 'TP-1', 'TD-04', 'Corbet', 'Kennerley', '31676812233', 'CorbetKennerley@gmail.com', 'Calle 205 #206-T 70Sur', '2014-12-26'),
('6375377484', 'TP-1', 'TD-01', 'Winston', 'Hothersall', '34390588607', 'WinstonHothersall@gmail.com', 'Calle 103 #175-M 34Sur', '2013-08-31'),
('6385619020', 'TP-2', 'TD-01', 'Hector', 'Ward', '36240629743', 'HectorWard@gmail.com', 'Avenida 192 #115-E 21Sur', '2000-05-17'),
('6399833480', 'TP-1', 'TD-04', 'Selinda', 'Ellph', '32179701751', 'SelindaEllph@gmail.com', 'Avenida 44 #108-Z 90Sur', '2005-01-05'),
('6407191144', 'TP-1', 'TD-03', 'Ody', 'Doubleday', '36544476071', 'OdyDoubleday@gmail.com', 'Tranversal 203 #39-G 95Sur', '2004-05-01'),
('6409418410', 'TP-1', 'TD-03', 'Stanwood', 'Grzeszczyk', '30338823726', 'StanwoodGrzeszczyk@gmail.com', 'Avenida 105 #121-D 71Sur', '2005-07-15'),
('6411391438', 'TP-2', 'TD-04', 'Ethan', 'Bonder', '34820748012', 'EthanBonder@gmail.com', 'Diagonal 101 #90-T 54Sur', '2002-07-03'),
('6415864423', 'TP-1', 'TD-03', 'Bridgette', 'Gerretsen', '33260900303', 'BridgetteGerretsen@gmail.com', 'Avenida 84 #5-V 61Sur', '2002-10-06'),
('6418389371', 'TP-1', 'TD-03', 'Con', 'Vakhrushin', '32496230680', 'ConVakhrushin@gmail.com', 'Carrera 113 #95-V 94Sur', '2006-09-17'),
('6426620591', 'TP-1', 'TD-02', 'Charis', 'Sprigin', '34312368141', 'CharisSprigin@gmail.com', 'Tranversal 134 #122-R 63Sur', '2002-06-22'),
('6446194502', 'TP-1', 'TD-03', 'Maury', 'Coogan', '31321391885', 'MauryCoogan@gmail.com', 'Carrera 33 #6-Z 70Sur', '2002-09-28'),
('6468689659', 'TP-1', 'TD-01', 'Jareb', 'Spearman', '34486830411', 'JarebSpearman@gmail.com', 'Diagonal 14 #160-J 63Sur', '2003-11-28'),
('6472506170', 'TP-2', 'TD-02', 'Hesther', 'Breede', '32068861706', 'HestherBreede@gmail.com', 'Avenida 114 #129-D 34Sur', '2013-10-31'),
('6478558907', 'TP-1', 'TD-02', 'Raimundo', 'Grout', '31244650122', 'RaimundoGrout@gmail.com', 'Carrera 103 #30-N 83Sur', '2014-10-05'),
('6491366300', 'TP-1', 'TD-03', 'Dita', 'Holson', '34015502639', 'DitaHolson@gmail.com', 'Calle 88 #93-V 43Sur', '2003-04-24'),
('6495162322', 'TP-1', 'TD-01', 'Sigfried', 'Paulino', '32073153520', 'SigfriedPaulino@gmail.com', 'Diagonal 138 #167-M 72Sur', '2002-02-27'),
('6496927313', 'TP-1', 'TD-01', 'Zebadiah', 'Abdey', '35433043410', 'ZebadiahAbdey@gmail.com', 'Avenida 158 #158-U 89Sur', '2009-10-29'),
('6499281696', 'TP-1', 'TD-02', 'Billy', 'Strognell', '36992618066', 'BillyStrognell@gmail.com', 'Calle 16 #194-U 75Sur', '2000-01-14'),
('6499576887', 'TP-1', 'TD-04', 'Lincoln', 'Gaspard', '30740771706', 'LincolnGaspard@gmail.com', 'Tranversal 176 #95-Z 95Sur', '2004-08-17'),
('6509118114', 'TP-1', 'TD-03', 'Gabie', 'Doubleday', '31668589184', 'GabieDoubleday@gmail.com', 'Carrera 105 #136-N 89Sur', '2000-02-04'),
('6519334224', 'TP-1', 'TD-02', 'Sidney', 'Jedrzaszkiewicz', '31397546528', 'SidneyJedrzaszkiewicz@gmail.co', 'Avenida 14 #74-R 85Sur', '2009-06-29'),
('6522316595', 'TP-1', 'TD-03', 'Israel', 'Adshede', '36132414840', 'IsraelAdshede@gmail.com', 'Carrera 161 #213-C 89Sur', '2008-09-06'),
('6522981471', 'TP-1', 'TD-02', 'Loren', 'Kelinge', '33970789197', 'LorenKelinge@gmail.com', 'Tranversal 220 #119-N 95Sur', '2015-01-13'),
('6534496469', 'TP-1', 'TD-03', 'Kellen', 'Spataro', '30261992653', 'KellenSpataro@gmail.com', 'Diagonal 11 #189-X 80Sur', '2002-01-13'),
('6556002590', 'TP-1', 'TD-03', 'Any', 'Bridewell', '35434356002', 'AnyBridewell@gmail.com', 'Avenida 31 #213-W 83Sur', '2010-09-27'),
('6561882277', 'TP-1', 'TD-02', 'Kathi', 'Benny', '33327020708', 'KathiBenny@gmail.com', 'Carrera 113 #216-A 55Sur', '2001-01-25'),
('6573385762', 'TP-1', 'TD-03', 'Ashlen', 'Walhedd', '30711335489', 'AshlenWalhedd@gmail.com', 'Avenida 66 #33-H 53Sur', '2000-01-25'),
('6578964244', 'TP-1', 'TD-01', 'Antoni', 'Drummer', '31024646812', 'AntoniDrummer@gmail.com', 'Avenida 25 #61-Z 58Sur', '2011-04-01'),
('6584765080', 'TP-1', 'TD-02', 'Griffith', 'Percifull', '36722570617', 'GriffithPercifull@gmail.com', 'Diagonal 168 #175-C 6Sur', '2013-10-03'),
('6585901593', 'TP-2', 'TD-01', 'Luz', 'Chattell', '35296076997', 'LuzChattell@gmail.com', 'Tranversal 175 #173-F 10Sur', '2002-07-20'),
('6592268400', 'TP-1', 'TD-02', 'Zackariah', 'Boscher', '32374862574', 'ZackariahBoscher@gmail.com', 'Carrera 213 #70-K 65Sur', '2013-09-26'),
('6615672140', 'TP-1', 'TD-02', 'Killie', 'Carik', '36908727077', 'KillieCarik@gmail.com', 'Calle 41 #192-T 70Sur', '2006-02-06'),
('6621784769', 'TP-1', 'TD-02', 'Gene', 'Matushevich', '32827458574', 'GeneMatushevich@gmail.com', 'Carrera 156 #60-H 65Sur', '2013-07-14'),
('6630006744', 'TP-1', 'TD-03', 'Helen-elizabeth', 'Sullivan', '31311013400', 'Helen-elizabethSullivan@gmail.', 'Calle 186 #113-K 87Sur', '2008-11-18'),
('6635039595', 'TP-1', 'TD-01', 'Justis', 'OLynn', '36178586622', 'JustisOLynn@gmail.com', 'Tranversal 155 #50-B 32Sur', '2014-07-02'),
('6636455397', 'TP-1', 'TD-03', 'Ranique', 'Drewry', '36393063259', 'RaniqueDrewry@gmail.com', 'Tranversal 44 #178-T 34Sur', '2012-04-06'),
('6662671715', 'TP-1', 'TD-03', 'Alissa', 'Beetles', '33842787450', 'AlissaBeetles@gmail.com', 'Avenida 100 #143-M 23Sur', '2015-12-22'),
('6676559997', 'TP-1', 'TD-01', 'Granthem', 'Broady', '31586174046', 'GranthemBroady@gmail.com', 'Avenida 79 #43-U 79Sur', '2003-02-06'),
('6697436184', 'TP-1', 'TD-01', 'Web', 'Bartholin', '31767809726', 'WebBartholin@gmail.com', 'Tranversal 99 #88-E 16Sur', '2006-03-20'),
('6708545631', 'TP-1', 'TD-02', 'Byrle', 'DAlesio', '30773229727', 'ByrleDAlesio@gmail.com', 'Avenida 158 #169-U 64Sur', '2005-11-30'),
('6713079096', 'TP-1', 'TD-02', 'Bruis', 'Digwood', '33871383969', 'BruisDigwood@gmail.com', 'Calle 79 #19-E 83Sur', '2003-01-14'),
('6719320774', 'TP-1', 'TD-04', 'Garwin', 'Traylen', '30432639752', 'GarwinTraylen@gmail.com', 'Diagonal 103 #164-L 74Sur', '2007-02-07'),
('6729616235', 'TP-1', 'TD-02', 'Hayward', 'Hallaways', '33551768440', 'HaywardHallaways@gmail.com', 'Diagonal 46 #5-S 68Sur', '2013-01-29'),
('6730320878', 'TP-1', 'TD-01', 'Tawnya', 'Brough', '31934729918', 'TawnyaBrough@gmail.com', 'Calle 208 #49-O 2Sur', '2012-06-05'),
('6731989420', 'TP-1', 'TD-01', 'Skye', 'Mapson', '34649971313', 'SkyeMapson@gmail.com', 'Avenida 23 #22-N 87Sur', '2012-01-10'),
('6745553998', 'TP-1', 'TD-02', 'Collie', 'Mochan', '32034219175', 'CollieMochan@gmail.com', 'Avenida 177 #85-A 69Sur', '2011-01-26'),
('6749154322', 'TP-1', 'TD-04', 'Garvey', 'Gallimore', '33906798498', 'GarveyGallimore@gmail.com', 'Carrera 109 #24-B 89Sur', '2011-06-29'),
('6755910523', 'TP-1', 'TD-03', 'Cloe', 'Grono', '34585836815', 'CloeGrono@gmail.com', 'Diagonal 130 #87-J 83Sur', '2009-04-14'),
('6763393502', 'TP-1', 'TD-03', 'Derek', 'Mellonby', '31804592497', 'DerekMellonby@gmail.com', 'Tranversal 105 #34-I 44Sur', '2007-04-10'),
('6769378402', 'TP-1', 'TD-04', 'Nolan', 'Eusden', '36414630666', 'NolanEusden@gmail.com', 'Tranversal 143 #49-O 75Sur', '2007-01-13'),
('6772900137', 'TP-1', 'TD-01', 'Farlee', 'Ferreras', '32075159815', 'FarleeFerreras@gmail.com', 'Carrera 120 #9-O 20Sur', '2005-02-13'),
('6791287826', 'TP-1', 'TD-01', 'Edvard', 'Temprell', '36301754782', 'EdvardTemprell@gmail.com', 'Carrera 219 #138-U 6Sur', '2002-10-16'),
('6811491700', 'TP-1', 'TD-01', 'Darcy', 'Alphonso', '37738731908', 'DarcyAlphonso@gmail.com', 'Tranversal 25 #16-U 11Sur', '2015-01-27'),
('6819107285', 'TP-1', 'TD-02', 'Henderson', 'McCauley', '35304639281', 'HendersonMcCauley@gmail.com', 'Diagonal 52 #119-L 11Sur', '2007-10-13'),
('6820672922', 'TP-1', 'TD-01', 'Charis', 'Schooley', '30730608551', 'CharisSchooley@gmail.com', 'Avenida 150 #213-L 82Sur', '2010-09-11'),
('6867950216', 'TP-1', 'TD-03', 'Duff', 'Moulds', '30548895575', 'DuffMoulds@gmail.com', 'Calle 161 #80-S 56Sur', '2007-07-27'),
('6879044403', 'TP-1', 'TD-02', 'Salem', 'Storer', '32710909034', 'SalemStorer@gmail.com', 'Diagonal 147 #189-T 42Sur', '2008-05-14'),
('6882629817', 'TP-2', 'TD-01', 'Matias', 'Joseff', '36311801008', 'MatiasJoseff@gmail.com', 'Avenida 79 #121-G 76Sur', '2011-11-27'),
('6883670808', 'TP-1', 'TD-02', 'Tony', 'Sipson', '37375104040', 'TonySipson@gmail.com', 'Calle 8 #215-F 89Sur', '2005-03-12'),
('6888119011', 'TP-1', 'TD-03', 'Keelby', 'OHern', '34338056343', 'KeelbyOHern@gmail.com', 'Calle 20 #183-W 44Sur', '2003-08-31'),
('6892313932', 'TP-1', 'TD-04', 'Mayor', 'Vakhrushin', '32876143324', 'MayorVakhrushin@gmail.com', 'Carrera 175 #17-M 52Sur', '2005-05-21'),
('6897717785', 'TP-1', 'TD-02', 'Jilly', 'Antal', '31706636465', 'JillyAntal@gmail.com', 'Calle 133 #47-S 87Sur', '2014-11-14'),
('6904919223', 'TP-1', 'TD-01', 'Budd', 'Beetles', '36849222899', 'BuddBeetles@gmail.com', 'Diagonal 196 #5-S 51Sur', '2012-06-26'),
('6919018979', 'TP-1', 'TD-03', 'Rhys', 'Freckelton', '35243254443', 'RhysFreckelton@gmail.com', 'Tranversal 207 #41-L 21Sur', '2012-01-22'),
('6969458426', 'TP-2', 'TD-01', 'Erick', 'Bartlomieczak', '32009475555', 'ErickBartlomieczak@gmail.com', 'Calle 26 #196-B 34Sur', '2010-05-01'),
('6970099278', 'TP-1', 'TD-03', 'Tawnya', 'Kinnerk', '30521275263', 'TawnyaKinnerk@gmail.com', 'Avenida 194 #65-S 34Sur', '2008-03-21'),
('6972817297', 'TP-1', 'TD-01', 'Quinlan', 'Aymeric', '30724025731', 'QuinlanAymeric@gmail.com', 'Carrera 67 #101-E 78Sur', '2006-08-02'),
('6991303021', 'TP-1', 'TD-04', 'Elfie', 'Reaper', '30301118240', 'ElfieReaper@gmail.com', 'Carrera 97 #63-I 33Sur', '2014-04-02'),
('6993579475', 'TP-1', 'TD-03', 'Merell', 'Sprigin', '35265335245', 'MerellSprigin@gmail.com', 'Carrera 207 #83-K 63Sur', '2004-11-28'),
('6999595374', 'TP-1', 'TD-04', 'Biddy', 'Oakden', '34979548897', 'BiddyOakden@gmail.com', 'Avenida 135 #67-K 99Sur', '2007-02-20'),
('7007789798', 'TP-1', 'TD-04', 'Liam', 'Aiskovitch', '33909270161', 'LiamAiskovitch@gmail.com', 'Avenida 125 #167-X 44Sur', '2004-07-30'),
('7011814260', 'TP-1', 'TD-02', 'Tabb', 'Savoury', '33245373603', 'TabbSavoury@gmail.com', 'Avenida 114 #52-I 58Sur', '2007-05-21'),
('7021404533', 'TP-1', 'TD-01', 'Carling', 'Janicijevic', '30878931630', 'CarlingJanicijevic@gmail.com', 'Tranversal 186 #8-B 24Sur', '2003-11-18'),
('7033938606', 'TP-1', 'TD-03', 'Fran', 'Izaks', '36284316643', 'FranIzaks@gmail.com', 'Tranversal 67 #196-U 22Sur', '2002-03-08'),
('7038044290', 'TP-1', 'TD-03', 'Hildagard', 'Bendixen', '30940736283', 'HildagardBendixen@gmail.com', 'Tranversal 106 #129-L 50Sur', '2014-10-08'),
('7038693491', 'TP-2', 'TD-04', 'Vince', 'Dalliwater', '37088324702', 'VinceDalliwater@gmail.com', 'Diagonal 121 #143-R 62Sur', '2002-01-15'),
('7082942488', 'TP-1', 'TD-04', 'Heindrick', 'Flight', '37240168557', 'HeindrickFlight@gmail.com', 'Tranversal 56 #63-X 31Sur', '2007-10-09'),
('7093637720', 'TP-1', 'TD-03', 'Albie', 'Petegre', '36338519616', 'AlbiePetegre@gmail.com', 'Avenida 7 #34-X 15Sur', '2004-03-06'),
('7105071982', 'TP-1', 'TD-02', 'Philip', 'Southcoat', '33277796858', 'PhilipSouthcoat@gmail.com', 'Carrera 6 #136-Y 62Sur', '2000-02-18'),
('7110970119', 'TP-1', 'TD-03', 'Corbin', 'Edgeley', '31160689044', 'CorbinEdgeley@gmail.com', 'Diagonal 192 #95-P 52Sur', '2003-05-09'),
('7122530138', 'TP-1', 'TD-03', 'Gabie', 'Grave', '36573244397', 'GabieGrave@gmail.com', 'Avenida 108 #173-A 1Sur', '2003-02-01'),
('7123417437', 'TP-1', 'TD-02', 'Wendye', 'Bottrill', '34299986038', 'WendyeBottrill@gmail.com', 'Calle 148 #18-X 65Sur', '2002-06-23'),
('7124646009', 'TP-1', 'TD-02', 'Darcy', 'Piens', '36911080911', 'DarcyPiens@gmail.com', 'Calle 118 #152-E 38Sur', '2004-11-21'),
('7139107788', 'TP-1', 'TD-02', 'Evey', 'Giraths', '36441990571', 'EveyGiraths@gmail.com', 'Calle 174 #172-B 43Sur', '2007-05-13'),
('7139975119', 'TP-1', 'TD-03', 'Tucker', 'Charlon', '31150666547', 'TuckerCharlon@gmail.com', 'Tranversal 74 #130-Y 14Sur', '2010-03-21'),
('7144100908', 'TP-1', 'TD-02', 'Lilia', 'Beetles', '30786627206', 'LiliaBeetles@gmail.com', 'Avenida 59 #154-V 20Sur', '2010-02-13'),
('7147316319', 'TP-1', 'TD-02', 'Lucita', 'Aldrich', '32428798260', 'LucitaAldrich@gmail.com', 'Diagonal 189 #116-Q 63Sur', '2015-02-20'),
('7162301430', 'TP-1', 'TD-04', 'Corbin', 'Giraths', '30551270700', 'CorbinGiraths@gmail.com', 'Tranversal 126 #135-V 15Sur', '2000-12-18'),
('7163606180', 'TP-1', 'TD-01', 'Paula', 'Traylen', '32702726995', 'PaulaTraylen@gmail.com', 'Calle 192 #14-S 91Sur', '2007-03-11'),
('7180253402', 'TP-1', 'TD-02', 'Fania', 'Genn', '32400320916', 'FaniaGenn@gmail.com', 'Carrera 162 #160-W 56Sur', '2013-09-30'),
('7197496389', 'TP-1', 'TD-04', 'Rhodia', 'Savoury', '32127544496', 'RhodiaSavoury@gmail.com', 'Diagonal 32 #46-F 20Sur', '2006-03-08'),
('7202222127', 'TP-1', 'TD-01', 'Maximo', 'Stronghill', '31572891041', 'MaximoStronghill@gmail.com', 'Tranversal 23 #58-B 60Sur', '2006-11-05'),
('7205449494', 'TP-1', 'TD-04', 'Monti', 'Mertsching', '36928913163', 'MontiMertsching@gmail.com', 'Diagonal 197 #20-S 47Sur', '2014-11-11'),
('7206475973', 'TP-1', 'TD-01', 'Morry', 'Wapples', '30812665491', 'MorryWapples@gmail.com', 'Avenida 28 #94-W 69Sur', '2009-09-05'),
('7217187356', 'TP-1', 'TD-02', 'Any', 'Dible', '36546577924', 'AnyDible@gmail.com', 'Calle 44 #94-V 54Sur', '2007-11-21'),
('7238420703', 'TP-1', 'TD-01', 'Woodman', 'Hubber', '30101975438', 'WoodmanHubber@gmail.com', 'Avenida 149 #3-V 3Sur', '2005-01-30'),
('7239418091', 'TP-1', 'TD-04', 'Alonzo', 'Mertsching', '34947581664', 'AlonzoMertsching@gmail.com', 'Diagonal 128 #52-U 60Sur', '2003-05-24'),
('7240392260', 'TP-1', 'TD-01', 'Adolphe', 'Rothwell', '32026145075', 'AdolpheRothwell@gmail.com', 'Tranversal 197 #207-T 82Sur', '2012-06-18'),
('7242557685', 'TP-1', 'TD-03', 'Cloe', 'Maytom', '36115491631', 'CloeMaytom@gmail.com', 'Calle 150 #75-I 99Sur', '2015-11-21'),
('7244630558', 'TP-1', 'TD-02', 'Kathi', 'Crum', '37391339887', 'KathiCrum@gmail.com', 'Tranversal 151 #1-X 9Sur', '2004-09-29'),
('7263139039', 'TP-1', 'TD-01', 'Pietrek', 'Cary', '35796689903', 'PietrekCary@gmail.com', 'Tranversal 74 #160-D 25Sur', '2010-08-08'),
('7267671915', 'TP-1', 'TD-01', 'Brian', 'Bettles', '32367471756', 'BrianBettles@gmail.com', 'Carrera 204 #72-V 34Sur', '2003-12-14'),
('7269031898', 'TP-1', 'TD-02', 'Hewe', 'Halpine', '31366347355', 'HeweHalpine@gmail.com', 'Calle 124 #168-D 83Sur', '2002-11-19'),
('7272140468', 'TP-1', 'TD-04', 'Kennan', 'Trunby', '36374028059', 'KennanTrunby@gmail.com', 'Avenida 32 #136-L 27Sur', '2012-01-16'),
('7280248842', 'TP-1', 'TD-04', 'Nolan', 'Vassel', '31599072771', 'NolanVassel@gmail.com', 'Diagonal 115 #170-C 60Sur', '2003-07-29'),
('7280257772', 'TP-1', 'TD-02', 'Flory', 'Arboine', '31084105503', 'FloryArboine@gmail.com', 'Avenida 83 #185-J 33Sur', '2006-02-18'),
('7281742420', 'TP-1', 'TD-03', 'Gun', 'Colchett', '37426282282', 'GunColchett@gmail.com', 'Avenida 192 #15-X 81Sur', '2003-05-20'),
('7294481822', 'TP-1', 'TD-02', 'Spence', 'Gaspard', '36536753306', 'SpenceGaspard@gmail.com', 'Avenida 218 #91-G 19Sur', '2005-04-05'),
('7310563922', 'TP-1', 'TD-02', 'Lindsay', 'Blaxter', '31853182728', 'LindsayBlaxter@gmail.com', 'Carrera 6 #188-F 37Sur', '2000-10-13'),
('7311466948', 'TP-1', 'TD-02', 'Ambrosius', 'Buston', '36803208429', 'AmbrosiusBuston@gmail.com', 'Avenida 218 #52-F 20Sur', '2006-05-21'),
('7314137353', 'TP-1', 'TD-01', 'Flory', 'McCrostie', '34728234175', 'FloryMcCrostie@gmail.com', 'Calle 156 #142-Z 99Sur', '2000-12-31'),
('7318650427', 'TP-1', 'TD-02', 'Dredi', 'Blase', '35090674178', 'DrediBlase@gmail.com', 'Tranversal 162 #42-W 80Sur', '2011-01-30'),
('7336246158', 'TP-1', 'TD-04', 'Dominic', 'Syrad', '36905772658', 'DominicSyrad@gmail.com', 'Diagonal 161 #98-U 73Sur', '2002-11-10'),
('7343196739', 'TP-1', 'TD-01', 'Salem', 'Behr', '35845241348', 'SalemBehr@gmail.com', 'Calle 151 #178-T 33Sur', '2000-01-14'),
('7347098306', 'TP-1', 'TD-02', 'Zorah', 'Flecknell', '35407820305', 'ZorahFlecknell@gmail.com', 'Diagonal 33 #74-M 1Sur', '2014-04-29'),
('7348426220', 'TP-1', 'TD-01', 'Alberto', 'Naughton', '36144939778', 'AlbertoNaughton@gmail.com', 'Diagonal 74 #135-J 99Sur', '2009-07-12'),
('7351654044', 'TP-1', 'TD-02', 'Davide', 'Sicily', '34327878618', 'DavideSicily@gmail.com', 'Tranversal 71 #69-C 85Sur', '2011-05-29'),
('7363136189', 'TP-2', 'TD-03', 'Bary', 'Fidelli', '32926443101', 'BaryFidelli@gmail.com', 'Calle 148 #85-E 87Sur', '2011-07-25'),
('7380861272', 'TP-1', 'TD-01', 'Dugald', 'Asp', '34459829475', 'DugaldAsp@gmail.com', 'Diagonal 67 #12-K 87Sur', '2000-04-01'),
('7383334308', 'TP-1', 'TD-04', 'Adah', 'Farry', '33938872332', 'AdahFarry@gmail.com', 'Calle 206 #159-R 22Sur', '2009-05-28'),
('7433319229', 'TP-1', 'TD-01', 'Clerissa', 'Eplett', '33752230321', 'ClerissaEplett@gmail.com', 'Diagonal 127 #216-X 78Sur', '2007-10-07'),
('7438446643', 'TP-1', 'TD-04', 'Rolando', 'Gwyer', '35259359030', 'RolandoGwyer@gmail.com', 'Carrera 38 #69-O 38Sur', '2011-03-08'),
('7448311761', 'TP-1', 'TD-02', 'Viki', 'Hender', '31250331052', 'VikiHender@gmail.com', 'Tranversal 190 #72-Q 65Sur', '2013-04-03'),
('7453739473', 'TP-1', 'TD-03', 'Donalt', 'Dumphy', '37149344868', 'DonaltDumphy@gmail.com', 'Diagonal 97 #186-J 96Sur', '2008-10-29');

INSERT INTO tb_matricula (TbM_ID_Matricula, TbM_ID_Persona, TbM_ID_Programa, TbM_Fecha) VALUES
('TM-0', '8840573571', 'TPG-1', '2023-11-27'),
('TM-1', '2155498127', 'TPG-1', '2023-05-06'),
('TM-10', '3488850673', 'TPG-1', '2023-08-06'),
('TM-100', '3034723145', 'TPG-1', '2022-03-10'),
('TM-101', '8488731583', 'TPG-2', '2023-07-28'),
('TM-102', '7483711508', 'TPG-3', '2022-07-03'),
('TM-103', '6882629817', 'TPG-1', '2023-05-30'),
('TM-104', '1708615561', 'TPG-1', '2023-06-18'),
('TM-105', '8163107067', 'TPG-1', '2021-03-07'),
('TM-106', '4622306074', 'TPG-1', '2023-08-04'),
('TM-107', '9978094517', 'TPG-1', '2023-10-12'),
('TM-108', '9651512256', 'TPG-1', '2023-04-08'),
('TM-109', '4285905675', 'TPG-2', '2022-06-27'),
('TM-11', '3810558424', 'TPG-2', '2023-02-12'),
('TM-110', '8313410983', 'TPG-2', '2021-08-09'),
('TM-111', '6289209293', 'TPG-2', '2022-06-20'),
('TM-112', '9650410878', 'TPG-2', '2021-02-11'),
('TM-113', '2505629948', 'TPG-2', '2024-02-01'),
('TM-114', '4694692017', 'TPG-2', '2021-03-28'),
('TM-115', '8932526521', 'TPG-2', '2021-04-22'),
('TM-116', '8638321778', 'TPG-1', '2022-07-07'),
('TM-117', '2579924057', 'TPG-1', '2021-06-10'),
('TM-118', '9602080152', 'TPG-2', '2021-03-26'),
('TM-119', '5888110457', 'TPG-2', '2023-11-09'),
('TM-12', '2082098217', 'TPG-1', '2021-06-18'),
('TM-120', '2345411405', 'TPG-2', '2021-06-18'),
('TM-121', '7311466948', 'TPG-3', '2022-05-02'),
('TM-122', '6755910523', 'TPG-3', '2021-06-04'),
('TM-123', '1742664507', 'TPG-2', '2021-10-10'),
('TM-124', '5134591534', 'TPG-1', '2021-03-10'),
('TM-125', '4298257072', 'TPG-2', '2023-11-11'),
('TM-126', '8838765679', 'TPG-1', '2022-12-06'),
('TM-127', '1667233285', 'TPG-1', '2021-12-08'),
('TM-128', '4476594701', 'TPG-1', '2021-12-18'),
('TM-129', '5361524230', 'TPG-3', '2022-07-18'),
('TM-13', '2207777371', 'TPG-3', '2022-12-25'),
('TM-130', '3909924456', 'TPG-2', '2023-07-30'),
('TM-131', '4657605550', 'TPG-1', '2021-06-06'),
('TM-132', '9242746319', 'TPG-2', '2021-03-23'),
('TM-133', '6585901593', 'TPG-3', '2021-01-23'),
('TM-134', '3521748794', 'TPG-2', '2023-12-04'),
('TM-135', '7554041250', 'TPG-1', '2023-11-23'),
('TM-136', '4624144045', 'TPG-2', '2021-12-15'),
('TM-137', '2663758070', 'TPG-2', '2021-05-04'),
('TM-138', '1952808668', 'TPG-2', '2022-05-17'),
('TM-139', '3971461464', 'TPG-3', '2023-10-21'),
('TM-14', '6399833480', 'TPG-2', '2023-12-26'),
('TM-140', '1202422772', 'TPG-1', '2023-09-29'),
('TM-141', '3976509050', 'TPG-2', '2022-07-24'),
('TM-142', '8284877092', 'TPG-2', '2023-07-25'),
('TM-143', '1351726035', 'TPG-1', '2022-10-27'),
('TM-144', '2676741587', 'TPG-2', '2022-12-27'),
('TM-145', '2645606137', 'TPG-2', '2021-07-28'),
('TM-146', '5829755346', 'TPG-3', '2023-01-05'),
('TM-147', '1507528268', 'TPG-2', '2022-12-10'),
('TM-148', '1633310130', 'TPG-2', '2022-11-23'),
('TM-149', '9531569070', 'TPG-1', '2023-04-07'),
('TM-15', '4210191177', 'TPG-3', '2022-09-20'),
('TM-150', '6363440859', 'TPG-2', '2023-01-28'),
('TM-151', '7294481822', 'TPG-3', '2023-03-13'),
('TM-152', '8240309005', 'TPG-1', '2023-06-16'),
('TM-153', '9135212208', 'TPG-2', '2022-06-17'),
('TM-154', '7673398271', 'TPG-3', '2023-03-18'),
('TM-155', '8213448216', 'TPG-3', '2022-08-14'),
('TM-156', '8020608540', 'TPG-3', '2022-03-26'),
('TM-157', '4870316945', 'TPG-2', '2022-09-03'),
('TM-158', '5355677065', 'TPG-3', '2021-03-27'),
('TM-159', '3555936527', 'TPG-2', '2023-01-01'),
('TM-16', '5662974997', 'TPG-1', '2021-11-03'),
('TM-160', '6556002590', 'TPG-2', '2022-03-23'),
('TM-161', '8828234431', 'TPG-1', '2021-01-19'),
('TM-162', '2168237417', 'TPG-2', '2022-08-02'),
('TM-163', '9332555833', 'TPG-3', '2022-01-20'),
('TM-164', '2026833484', 'TPG-1', '2023-03-18'),
('TM-165', '5101662028', 'TPG-2', '2023-06-15'),
('TM-166', '3884020728', 'TPG-1', '2023-10-23'),
('TM-167', '1834811114', 'TPG-2', '2022-04-27'),
('TM-168', '5478128448', 'TPG-1', '2023-01-06'),
('TM-169', '3330501371', 'TPG-3', '2021-03-08'),
('TM-17', '6630006744', 'TPG-2', '2022-11-24'),
('TM-170', '8836469796', 'TPG-1', '2023-02-03'),
('TM-171', '7011814260', 'TPG-2', '2023-11-17'),
('TM-172', '9457278903', 'TPG-2', '2023-04-20'),
('TM-173', '9881060223', 'TPG-2', '2021-09-27'),
('TM-174', '7739452407', 'TPG-3', '2023-09-05'),
('TM-175', '7110970119', 'TPG-2', '2021-05-26'),
('TM-176', '5087067857', 'TPG-1', '2021-03-23'),
('TM-177', '3591350369', 'TPG-3', '2021-02-04'),
('TM-178', '8423586739', 'TPG-1', '2022-05-22'),
('TM-179', '6584765080', 'TPG-3', '2023-01-06'),
('TM-18', '6897717785', 'TPG-1', '2023-09-25'),
('TM-180', '2472408327', 'TPG-1', '2022-09-28'),
('TM-181', '1132325430', 'TPG-2', '2023-07-03'),
('TM-182', '6407191144', 'TPG-2', '2022-05-06'),
('TM-183', '2238900050', 'TPG-3', '2022-12-28'),
('TM-184', '6259118020', 'TPG-3', '2022-03-01'),
('TM-185', '6636455397', 'TPG-3', '2021-02-28'),
('TM-186', '4329484400', 'TPG-3', '2023-03-17'),
('TM-187', '4263847487', 'TPG-1', '2022-12-01'),
('TM-188', '4778769548', 'TPG-3', '2021-09-16'),
('TM-189', '8849086372', 'TPG-1', '2021-07-22'),
('TM-19', '9442239081', 'TPG-2', '2022-11-03'),
('TM-190', '7567312552', 'TPG-2', '2022-04-26'),
('TM-191', '7281742420', 'TPG-3', '2022-11-30'),
('TM-192', '3215968197', 'TPG-2', '2022-06-13'),
('TM-193', '7205449494', 'TPG-3', '2023-04-26'),
('TM-194', '5354103246', 'TPG-2', '2021-07-26'),
('TM-195', '5579239487', 'TPG-2', '2021-09-20'),
('TM-196', '5816554406', 'TPG-3', '2021-10-25'),
('TM-197', '9397274293', 'TPG-1', '2022-09-29'),
('TM-198', '1005948955', 'TPG-1', '2023-12-30'),
('TM-199', '5811894641', 'TPG-1', '2022-04-06'),
('TM-2', '2698437962', 'TPG-3', '2022-03-23'),
('TM-20', '9373225841', 'TPG-3', '2021-11-06'),
('TM-200', '5782932020', 'TPG-3', '2022-08-13'),
('TM-201', '4365451088', 'TPG-1', '2023-05-03'),
('TM-202', '4504994389', 'TPG-2', '2023-09-23'),
('TM-203', '2907273016', 'TPG-1', '2022-03-14'),
('TM-204', '2535823318', 'TPG-1', '2021-05-02'),
('TM-205', '1123203714', 'TPG-3', '2022-12-03'),
('TM-206', '8038773345', 'TPG-1', '2023-06-14'),
('TM-207', '7884584493', 'TPG-1', '2021-03-05'),
('TM-208', '4783651894', 'TPG-1', '2022-01-30'),
('TM-209', '5540737806', 'TPG-1', '2022-11-18'),
('TM-21', '1463196279', 'TPG-3', '2021-11-06'),
('TM-210', '2056353349', 'TPG-1', '2021-09-10'),
('TM-211', '2309076255', 'TPG-3', '2023-09-30'),
('TM-212', '3039656344', 'TPG-2', '2023-01-29'),
('TM-213', '7336246158', 'TPG-1', '2021-06-05'),
('TM-214', '9988992577', 'TPG-3', '2023-09-14'),
('TM-215', '5811690103', 'TPG-2', '2023-09-05'),
('TM-216', '3869510567', 'TPG-3', '2023-07-26'),
('TM-217', '9743682150', 'TPG-3', '2022-11-27'),
('TM-218', '8002752671', 'TPG-3', '2021-09-29'),
('TM-219', '7202222127', 'TPG-1', '2023-12-23'),
('TM-22', '8953967671', 'TPG-2', '2021-06-03'),
('TM-220', '6268635574', 'TPG-1', '2021-01-10'),
('TM-221', '7731829877', 'TPG-3', '2021-05-29'),
('TM-222', '9614170382', 'TPG-1', '2021-05-22'),
('TM-223', '3691686252', 'TPG-1', '2022-06-12'),
('TM-224', '6418389371', 'TPG-3', '2021-04-23'),
('TM-225', '2347977291', 'TPG-1', '2022-04-09'),
('TM-226', '7380861272', 'TPG-2', '2023-01-14'),
('TM-227', '2797779171', 'TPG-1', '2021-07-30'),
('TM-228', '7859934421', 'TPG-3', '2021-07-14'),
('TM-229', '2220256954', 'TPG-3', '2022-02-25'),
('TM-23', '6334147443', 'TPG-3', '2021-11-21'),
('TM-230', '6145809003', 'TPG-3', '2023-07-02'),
('TM-231', '5494816002', 'TPG-1', '2023-04-13'),
('TM-232', '6254564313', 'TPG-2', '2023-10-30'),
('TM-233', '8121070587', 'TPG-1', '2022-05-03'),
('TM-234', '6251827844', 'TPG-2', '2021-08-25'),
('TM-235', '1608758056', 'TPG-1', '2021-12-22'),
('TM-236', '9283385618', 'TPG-3', '2022-06-15'),
('TM-237', '2547437737', 'TPG-2', '2021-07-13'),
('TM-238', '6499576887', 'TPG-2', '2021-02-09'),
('TM-239', '1979027318', 'TPG-1', '2023-04-13'),
('TM-24', '9451578054', 'TPG-3', '2023-11-18'),
('TM-240', '9721355375', 'TPG-2', '2022-02-23'),
('TM-241', '7879181101', 'TPG-3', '2022-06-05'),
('TM-242', '1240920450', 'TPG-3', '2022-10-29'),
('TM-243', '9695991016', 'TPG-2', '2021-11-02'),
('TM-244', '3227482366', 'TPG-3', '2022-03-26'),
('TM-245', '1437669500', 'TPG-3', '2022-02-02'),
('TM-246', '2115357558', 'TPG-2', '2023-10-16'),
('TM-247', '9641212325', 'TPG-2', '2022-02-06'),
('TM-248', '2373409349', 'TPG-1', '2023-02-03'),
('TM-249', '7948057547', 'TPG-2', '2023-08-13'),
('TM-25', '5280155081', 'TPG-3', '2023-12-07'),
('TM-250', '4535934580', 'TPG-3', '2022-02-01'),
('TM-251', '9073790749', 'TPG-2', '2022-03-30'),
('TM-252', '4589347362', 'TPG-3', '2023-06-23'),
('TM-253', '9087245993', 'TPG-1', '2021-07-02'),
('TM-254', '7844499055', 'TPG-2', '2021-05-14'),
('TM-255', '8691108841', 'TPG-3', '2022-05-02'),
('TM-256', '8458284341', 'TPG-2', '2023-07-23'),
('TM-257', '1052837042', 'TPG-1', '2021-07-14'),
('TM-258', '8629442166', 'TPG-3', '2021-03-06'),
('TM-259', '6697436184', 'TPG-3', '2023-01-29'),
('TM-26', '9458542289', 'TPG-2', '2021-07-10'),
('TM-260', '1942575684', 'TPG-2', '2022-01-03'),
('TM-261', '8201828579', 'TPG-2', '2021-01-05'),
('TM-262', '2405021619', 'TPG-2', '2023-02-19'),
('TM-263', '4190626568', 'TPG-2', '2023-07-10'),
('TM-264', '7144100908', 'TPG-3', '2022-05-02'),
('TM-265', '6745553998', 'TPG-3', '2023-06-10'),
('TM-266', '4505923185', 'TPG-3', '2021-12-17'),
('TM-267', '1518012431', 'TPG-3', '2023-11-08'),
('TM-268', '6415864423', 'TPG-2', '2023-12-08'),
('TM-269', '7848937064', 'TPG-1', '2022-10-03'),
('TM-27', '9911430125', 'TPG-3', '2022-07-05'),
('TM-270', '6249748529', 'TPG-1', '2021-03-08'),
('TM-271', '6561882277', 'TPG-3', '2023-04-27'),
('TM-272', '3918791161', 'TPG-1', '2022-06-15'),
('TM-273', '6044642995', 'TPG-2', '2021-02-09'),
('TM-274', '9313047762', 'TPG-3', '2021-12-07'),
('TM-275', '3336505691', 'TPG-1', '2023-06-16'),
('TM-276', '8689285289', 'TPG-1', '2022-02-28'),
('TM-277', '3464967683', 'TPG-2', '2023-08-26'),
('TM-278', '2186397878', 'TPG-3', '2023-03-14'),
('TM-279', '5208784890', 'TPG-1', '2023-05-22'),
('TM-28', '8721643619', 'TPG-1', '2021-07-28'),
('TM-280', '2564692529', 'TPG-2', '2021-03-07'),
('TM-281', '4909888310', 'TPG-1', '2022-10-08'),
('TM-282', '1408689751', 'TPG-1', '2023-07-20'),
('TM-283', '8569275945', 'TPG-2', '2023-10-30'),
('TM-284', '1058128071', 'TPG-3', '2022-02-23'),
('TM-285', '1803670610', 'TPG-3', '2023-05-18'),
('TM-286', '8953697501', 'TPG-1', '2022-11-25'),
('TM-287', '6888119011', 'TPG-3', '2021-04-26'),
('TM-288', '5215979840', 'TPG-3', '2023-04-19'),
('TM-289', '3417886152', 'TPG-2', '2021-10-26'),
('TM-29', '3571082349', 'TPG-1', '2023-12-10'),
('TM-290', '7093637720', 'TPG-1', '2021-05-30'),
('TM-291', '7280257772', 'TPG-2', '2023-01-28'),
('TM-292', '5586117652', 'TPG-1', '2022-06-23'),
('TM-293', '4931122427', 'TPG-1', '2021-11-30'),
('TM-294', '4988054053', 'TPG-1', '2023-06-27'),
('TM-295', '7162301430', 'TPG-2', '2023-05-14'),
('TM-296', '6255503361', 'TPG-1', '2023-02-01'),
('TM-297', '1348303338', 'TPG-1', '2023-10-16'),
('TM-298', '3633846595', 'TPG-1', '2022-09-05'),
('TM-299', '3740304272', 'TPG-3', '2021-06-06'),
('TM-3', '3171410301', 'TPG-1', '2022-11-13'),
('TM-30', '1168808556', 'TPG-3', '2021-07-12'),
('TM-300', '7585410465', 'TPG-2', '2021-05-27'),
('TM-301', '7873893516', 'TPG-1', '2023-09-06'),
('TM-302', '8124060598', 'TPG-1', '2021-11-21'),
('TM-303', '4698006930', 'TPG-1', '2023-06-19'),
('TM-304', '6093418175', 'TPG-3', '2022-04-13'),
('TM-305', '9032460035', 'TPG-2', '2021-09-02'),
('TM-306', '2349914285', 'TPG-1', '2022-08-05'),
('TM-307', '9974983332', 'TPG-2', '2021-12-27'),
('TM-308', '3337137580', 'TPG-3', '2021-05-17'),
('TM-309', '8698541340', 'TPG-1', '2023-09-23'),
('TM-31', '9341554710', 'TPG-2', '2022-08-04'),
('TM-310', '6769378402', 'TPG-1', '2021-02-09'),
('TM-311', '4010532933', 'TPG-2', '2022-11-25'),
('TM-312', '9041015311', 'TPG-1', '2022-02-25'),
('TM-313', '5646326840', 'TPG-2', '2022-01-12'),
('TM-314', '3965773722', 'TPG-1', '2022-06-06'),
('TM-315', '5795493723', 'TPG-1', '2023-09-16'),
('TM-316', '2862209067', 'TPG-1', '2023-02-25'),
('TM-317', '2497814972', 'TPG-2', '2021-05-12'),
('TM-318', '1854162615', 'TPG-3', '2021-10-02'),
('TM-319', '7163606180', 'TPG-1', '2021-01-13'),
('TM-32', '8182001430', 'TPG-2', '2021-02-18'),
('TM-320', '6883670808', 'TPG-2', '2023-09-22'),
('TM-321', '6573385762', 'TPG-2', '2022-03-19'),
('TM-322', '9885052058', 'TPG-2', '2021-10-21'),
('TM-323', '3211645711', 'TPG-2', '2022-02-05'),
('TM-324', '1488946771', 'TPG-2', '2022-06-22'),
('TM-325', '4748733216', 'TPG-2', '2022-11-27'),
('TM-326', '3591251277', 'TPG-3', '2021-02-06'),
('TM-327', '5010414269', 'TPG-2', '2021-06-29'),
('TM-328', '4670951598', 'TPG-2', '2022-02-02'),
('TM-329', '4021720704', 'TPG-2', '2023-01-28'),
('TM-33', '4331107052', 'TPG-2', '2021-04-18'),
('TM-330', '7239418091', 'TPG-1', '2022-10-21'),
('TM-331', '8882092561', 'TPG-3', '2021-11-30'),
('TM-332', '1690543205', 'TPG-3', '2022-02-23'),
('TM-333', '1581146983', 'TPG-1', '2021-02-06'),
('TM-334', '4208696892', 'TPG-3', '2022-12-17'),
('TM-335', '1265370295', 'TPG-1', '2023-11-12'),
('TM-336', '8425694177', 'TPG-2', '2023-06-01'),
('TM-337', '6129337883', 'TPG-2', '2022-09-05'),
('TM-338', '1800704265', 'TPG-2', '2022-01-01'),
('TM-339', '7448311761', 'TPG-3', '2023-11-24'),
('TM-34', '4051014783', 'TPG-3', '2021-08-05'),
('TM-340', '7007789798', 'TPG-2', '2021-05-12'),
('TM-341', '2363272970', 'TPG-1', '2022-04-06'),
('TM-342', '7755971163', 'TPG-2', '2023-02-05'),
('TM-343', '8868402424', 'TPG-3', '2022-09-18'),
('TM-344', '1559427679', 'TPG-2', '2022-03-20'),
('TM-345', '4508191323', 'TPG-1', '2023-07-20'),
('TM-346', '7272140468', 'TPG-1', '2022-12-27'),
('TM-347', '9268200721', 'TPG-1', '2022-10-11'),
('TM-348', '9854870033', 'TPG-3', '2022-02-22'),
('TM-349', '9513166814', 'TPG-2', '2022-06-03'),
('TM-35', '5436382190', 'TPG-1', '2023-05-02'),
('TM-350', '3846255547', 'TPG-1', '2021-08-22'),
('TM-351', '4910021389', 'TPG-2', '2022-01-02'),
('TM-352', '9275122220', 'TPG-1', '2023-10-12'),
('TM-353', '1890385061', 'TPG-3', '2022-08-11'),
('TM-354', '6061754305', 'TPG-3', '2021-10-13'),
('TM-355', '9806420941', 'TPG-2', '2021-09-16'),
('TM-356', '1779831873', 'TPG-2', '2021-03-12'),
('TM-357', '8849531184', 'TPG-2', '2022-02-12'),
('TM-358', '7310563922', 'TPG-1', '2021-05-18'),
('TM-359', '5716010893', 'TPG-3', '2021-10-19'),
('TM-36', '4934751268', 'TPG-1', '2021-07-24'),
('TM-360', '1902856884', 'TPG-2', '2022-08-14'),
('TM-361', '6819107285', 'TPG-3', '2023-11-11'),
('TM-362', '7722677747', 'TPG-2', '2021-04-26'),
('TM-363', '3410860032', 'TPG-3', '2022-09-27'),
('TM-364', '7613873852', 'TPG-2', '2023-02-24'),
('TM-365', '4085999291', 'TPG-1', '2023-07-07'),
('TM-366', '4488932956', 'TPG-3', '2023-07-11'),
('TM-367', '1465199692', 'TPG-3', '2021-01-06'),
('TM-368', '2312389505', 'TPG-1', '2023-08-18'),
('TM-369', '3362642572', 'TPG-3', '2023-09-06'),
('TM-37', '6615672140', 'TPG-3', '2023-10-03'),
('TM-370', '5950368398', 'TPG-1', '2021-10-07'),
('TM-371', '2029041081', 'TPG-3', '2021-10-27'),
('TM-372', '5503031526', 'TPG-2', '2022-12-19'),
('TM-373', '2735602745', 'TPG-1', '2022-01-06'),
('TM-374', '2582854045', 'TPG-1', '2023-10-01'),
('TM-375', '9940086978', 'TPG-3', '2021-10-18'),
('TM-376', '9874624156', 'TPG-3', '2022-03-14'),
('TM-377', '8402951460', 'TPG-3', '2022-07-10'),
('TM-378', '2987846881', 'TPG-3', '2023-06-07'),
('TM-379', '3178908304', 'TPG-2', '2021-12-30'),
('TM-38', '7638598330', 'TPG-1', '2023-12-14'),
('TM-380', '7242557685', 'TPG-2', '2021-01-12'),
('TM-381', '9241979279', 'TPG-2', '2021-01-17'),
('TM-382', '7021404533', 'TPG-2', '2022-06-02'),
('TM-383', '1264990741', 'TPG-1', '2021-03-21'),
('TM-384', '1824611527', 'TPG-3', '2023-11-14'),
('TM-385', '9192508477', 'TPG-1', '2022-07-14'),
('TM-386', '1056272874', 'TPG-3', '2023-04-27'),
('TM-387', '5620897164', 'TPG-2', '2023-01-13'),
('TM-388', '8480963255', 'TPG-1', '2022-01-18'),
('TM-389', '5034523390', 'TPG-1', '2023-11-23'),
('TM-39', '1679792332', 'TPG-2', '2021-10-08'),
('TM-390', '6999595374', 'TPG-3', '2022-07-14'),
('TM-391', '7773421355', 'TPG-3', '2021-01-05'),
('TM-392', '5126425147', 'TPG-2', '2021-12-01'),
('TM-393', '7318650427', 'TPG-2', '2021-03-17'),
('TM-394', '5866314858', 'TPG-2', '2021-07-30'),
('TM-395', '2184120516', 'TPG-2', '2023-01-21'),
('TM-396', '3865226606', 'TPG-2', '2022-10-26'),
('TM-397', '4033265083', 'TPG-1', '2022-09-17'),
('TM-398', '4660649521', 'TPG-3', '2022-06-08'),
('TM-399', '9483591857', 'TPG-1', '2023-10-17'),
('TM-4', '2852645727', 'TPG-2', '2023-10-26'),
('TM-40', '6519334224', 'TPG-1', '2023-03-13'),
('TM-400', '6621784769', 'TPG-3', '2021-08-17'),
('TM-401', '5126531215', 'TPG-1', '2022-12-01'),
('TM-402', '6991303021', 'TPG-3', '2021-11-10'),
('TM-403', '1694234458', 'TPG-3', '2022-02-10'),
('TM-404', '3522802785', 'TPG-3', '2022-12-03'),
('TM-405', '5421499222', 'TPG-1', '2021-04-07'),
('TM-406', '6676559997', 'TPG-1', '2023-05-11'),
('TM-407', '5993050549', 'TPG-3', '2022-09-20'),
('TM-408', '9318383189', 'TPG-3', '2022-09-29'),
('TM-409', '4927181633', 'TPG-1', '2021-06-13'),
('TM-41', '5866036357', 'TPG-3', '2021-11-20'),
('TM-410', '8428692262', 'TPG-2', '2021-04-29'),
('TM-411', '3386265012', 'TPG-1', '2023-03-01'),
('TM-412', '1725120951', 'TPG-3', '2022-12-25'),
('TM-413', '7105071982', 'TPG-1', '2022-02-13'),
('TM-414', '2248071616', 'TPG-3', '2022-03-28'),
('TM-415', '2188284812', 'TPG-1', '2023-12-01'),
('TM-416', '3135432170', 'TPG-2', '2021-01-28'),
('TM-417', '3151169855', 'TPG-2', '2021-02-12'),
('TM-418', '3279344441', 'TPG-1', '2021-05-30'),
('TM-419', '3444963478', 'TPG-1', '2021-07-06'),
('TM-42', '4854400432', 'TPG-1', '2023-03-29'),
('TM-420', '9240324544', 'TPG-2', '2022-04-06'),
('TM-421', '5004218745', 'TPG-2', '2022-09-21'),
('TM-422', '3454805544', 'TPG-2', '2023-07-24'),
('TM-423', '8771345932', 'TPG-3', '2021-09-18'),
('TM-424', '2426522583', 'TPG-1', '2022-10-23'),
('TM-425', '2404707846', 'TPG-1', '2022-01-27'),
('TM-426', '1176722804', 'TPG-3', '2023-06-18'),
('TM-427', '8937451863', 'TPG-2', '2021-09-23'),
('TM-428', '3898834059', 'TPG-2', '2021-09-01'),
('TM-429', '7819861009', 'TPG-3', '2022-08-10'),
('TM-43', '5962152930', 'TPG-1', '2023-11-28'),
('TM-430', '3413992402', 'TPG-1', '2022-10-30'),
('TM-431', '6226518125', 'TPG-1', '2021-03-09'),
('TM-432', '6719320774', 'TPG-1', '2023-01-16'),
('TM-433', '8542873522', 'TPG-2', '2021-11-19'),
('TM-434', '4158982781', 'TPG-3', '2022-04-18'),
('TM-435', '4560672293', 'TPG-3', '2023-11-26'),
('TM-436', '2909340930', 'TPG-2', '2023-06-20'),
('TM-437', '7139975119', 'TPG-1', '2022-01-30'),
('TM-438', '4252460711', 'TPG-1', '2022-06-21'),
('TM-439', '5583797780', 'TPG-3', '2023-04-01'),
('TM-44', '8970401994', 'TPG-3', '2021-08-04'),
('TM-440', '2238781407', 'TPG-1', '2022-11-13'),
('TM-441', '2381630411', 'TPG-3', '2022-11-09'),
('TM-442', '9513286309', 'TPG-2', '2023-12-29'),
('TM-443', '2730400480', 'TPG-2', '2021-03-06'),
('TM-444', '1540881565', 'TPG-3', '2021-07-15'),
('TM-445', '4984847308', 'TPG-2', '2023-01-25'),
('TM-446', '8337956908', 'TPG-3', '2022-12-21'),
('TM-447', '2228047401', 'TPG-3', '2022-12-23'),
('TM-448', '2303419062', 'TPG-1', '2023-12-28'),
('TM-449', '2378363883', 'TPG-1', '2023-02-21'),
('TM-45', '3157307246', 'TPG-2', '2023-09-01'),
('TM-450', '2092463899', 'TPG-2', '2023-04-21'),
('TM-451', '2495441462', 'TPG-1', '2021-03-07'),
('TM-452', '5988640911', 'TPG-3', '2021-03-16'),
('TM-453', '8685778020', 'TPG-3', '2021-11-30'),
('TM-454', '2668150463', 'TPG-3', '2021-10-18'),
('TM-455', '5561911265', 'TPG-1', '2021-02-02'),
('TM-456', '4197011875', 'TPG-3', '2023-09-17'),
('TM-457', '2313839270', 'TPG-2', '2021-03-21'),
('TM-458', '5519360535', 'TPG-2', '2022-01-14'),
('TM-459', '2328430202', 'TPG-3', '2022-06-07'),
('TM-46', '6230608762', 'TPG-3', '2021-11-29'),
('TM-460', '9966631711', 'TPG-2', '2021-10-18'),
('TM-461', '3011300849', 'TPG-1', '2023-05-24'),
('TM-462', '9096269194', 'TPG-1', '2023-10-27'),
('TM-463', '1319164569', 'TPG-3', '2022-11-13'),
('TM-464', '2869761064', 'TPG-1', '2022-02-11'),
('TM-465', '4561021652', 'TPG-3', '2023-08-04'),
('TM-466', '7803847462', 'TPG-1', '2022-02-05'),
('TM-467', '2247891713', 'TPG-2', '2023-11-13'),
('TM-468', '3802746394', 'TPG-3', '2022-11-29'),
('TM-469', '2055869167', 'TPG-3', '2022-04-17'),
('TM-47', '6729616235', 'TPG-2', '2021-09-17'),
('TM-470', '9489904431', 'TPG-3', '2023-08-01'),
('TM-471', '7343196739', 'TPG-1', '2022-09-13'),
('TM-472', '7468935626', 'TPG-1', '2023-06-30'),
('TM-473', '2830073416', 'TPG-1', '2021-05-06'),
('TM-474', '7700848018', 'TPG-1', '2021-01-16'),
('TM-475', '3208398537', 'TPG-3', '2023-08-14'),
('TM-476', '8806491126', 'TPG-1', '2022-06-13'),
('TM-477', '2801323450', 'TPG-3', '2022-07-06'),
('TM-478', '8483330660', 'TPG-3', '2023-10-26'),
('TM-479', '6197797324', 'TPG-2', '2021-07-26'),
('TM-48', '2910102363', 'TPG-3', '2022-05-13'),
('TM-480', '2093078334', 'TPG-3', '2022-11-24'),
('TM-481', '3624183389', 'TPG-2', '2021-06-23'),
('TM-482', '7772255507', 'TPG-3', '2021-11-27'),
('TM-483', '7180253402', 'TPG-3', '2022-03-20'),
('TM-484', '3011231264', 'TPG-2', '2022-03-19'),
('TM-485', '2563692291', 'TPG-2', '2023-04-16'),
('TM-486', '7922080842', 'TPG-1', '2023-04-05'),
('TM-487', '7197496389', 'TPG-2', '2022-08-14'),
('TM-488', '4048292730', 'TPG-2', '2021-05-24'),
('TM-489', '9485945563', 'TPG-2', '2023-07-30'),
('TM-49', '5320037295', 'TPG-1', '2021-06-29'),
('TM-490', '9778542002', 'TPG-1', '2023-06-13'),
('TM-491', '9705230658', 'TPG-1', '2023-07-03'),
('TM-492', '3483948278', 'TPG-2', '2023-01-24'),
('TM-493', '4815618359', 'TPG-1', '2023-02-28'),
('TM-494', '6310836528', 'TPG-1', '2021-04-02'),
('TM-495', '2169992482', 'TPG-3', '2022-06-13'),
('TM-496', '8604071452', 'TPG-2', '2023-11-08'),
('TM-497', '7940706815', 'TPG-1', '2022-10-12'),
('TM-498', '9388474468', 'TPG-3', '2022-10-15'),
('TM-499', '5876766770', 'TPG-2', '2023-05-02'),
('TM-5', '1935812670', 'TPG-1', '2022-12-03'),
('TM-50', '7989722065', 'TPG-3', '2023-07-04'),
('TM-500', '3280198039', 'TPG-3', '2023-05-26'),
('TM-501', '4132100300', 'TPG-1', '2021-11-08'),
('TM-502', '4392685741', 'TPG-3', '2023-06-12'),
('TM-503', '7631547434', 'TPG-2', '2021-03-15'),
('TM-504', '3175171767', 'TPG-2', '2022-01-14'),
('TM-505', '9338369526', 'TPG-1', '2022-06-02'),
('TM-506', '6327004745', 'TPG-2', '2022-10-06'),
('TM-507', '6342012789', 'TPG-3', '2021-08-13'),
('TM-508', '4843198278', 'TPG-2', '2022-02-05'),
('TM-509', '1517203551', 'TPG-3', '2021-07-24'),
('TM-51', '5426147866', 'TPG-1', '2022-04-02'),
('TM-510', '6731989420', 'TPG-3', '2021-09-23'),
('TM-511', '1465488854', 'TPG-1', '2023-08-10'),
('TM-512', '2747551255', 'TPG-1', '2021-03-25'),
('TM-513', '5090568384', 'TPG-1', '2021-02-12'),
('TM-514', '8848314608', 'TPG-1', '2023-03-06'),
('TM-515', '4064535181', 'TPG-3', '2022-02-28'),
('TM-516', '7123417437', 'TPG-2', '2021-03-19'),
('TM-517', '4309855005', 'TPG-1', '2022-08-24'),
('TM-518', '1417126007', 'TPG-2', '2023-03-10'),
('TM-519', '9140681441', 'TPG-2', '2023-02-11'),
('TM-52', '9297152732', 'TPG-3', '2021-11-30'),
('TM-520', '8185782509', 'TPG-1', '2023-02-05'),
('TM-521', '6409418410', 'TPG-1', '2023-07-07'),
('TM-522', '2075975878', 'TPG-2', '2021-04-02'),
('TM-523', '7348426220', 'TPG-1', '2021-04-29'),
('TM-524', '3929140558', 'TPG-1', '2022-03-25'),
('TM-525', '5543117168', 'TPG-1', '2023-11-17'),
('TM-526', '5190066571', 'TPG-3', '2022-05-30'),
('TM-527', '6478558907', 'TPG-1', '2023-04-19'),
('TM-528', '5349957809', 'TPG-3', '2022-05-26'),
('TM-529', '8021522866', 'TPG-3', '2022-08-27'),
('TM-53', '7719618139', 'TPG-1', '2023-10-02'),
('TM-530', '5292681804', 'TPG-2', '2022-11-03'),
('TM-531', '8387189874', 'TPG-3', '2022-10-09'),
('TM-532', '1175843326', 'TPG-3', '2022-05-03'),
('TM-533', '9789010339', 'TPG-1', '2022-05-27'),
('TM-534', '9924551417', 'TPG-3', '2022-12-14'),
('TM-535', '8004003495', 'TPG-1', '2023-10-26'),
('TM-536', '2368684286', 'TPG-2', '2021-06-11'),
('TM-537', '1005936132', 'TPG-1', '2021-07-05'),
('TM-538', '1260120741', 'TPG-1', '2023-07-26'),
('TM-539', '4273225543', 'TPG-2', '2022-03-27'),
('TM-54', '4893075708', 'TPG-2', '2022-02-02'),
('TM-540', '1086190438', 'TPG-2', '2021-09-02'),
('TM-541', '8585068616', 'TPG-2', '2023-11-14'),
('TM-542', '7627488007', 'TPG-2', '2023-02-24'),
('TM-543', '3668202860', 'TPG-2', '2021-08-17'),
('TM-544', '8643623143', 'TPG-3', '2023-03-01'),
('TM-545', '6495162322', 'TPG-1', '2021-12-02'),
('TM-546', '3224985055', 'TPG-3', '2021-04-12'),
('TM-547', '1371243249', 'TPG-1', '2021-04-22'),
('TM-548', '8684619751', 'TPG-1', '2023-08-01'),
('TM-549', '2616156775', 'TPG-3', '2023-04-05'),
('TM-55', '1601783884', 'TPG-3', '2021-08-16'),
('TM-550', '1957410472', 'TPG-2', '2022-04-14'),
('TM-551', '7438446643', 'TPG-2', '2023-09-07'),
('TM-552', '6509118114', 'TPG-2', '2022-03-20'),
('TM-553', '1842026404', 'TPG-3', '2021-10-05'),
('TM-554', '1278095628', 'TPG-3', '2021-11-29'),
('TM-555', '8324741360', 'TPG-3', '2022-12-01'),
('TM-556', '3401419599', 'TPG-3', '2021-05-29'),
('TM-557', '3245788491', 'TPG-1', '2023-11-29'),
('TM-558', '8104045116', 'TPG-2', '2023-06-23'),
('TM-559', '3985739986', 'TPG-2', '2022-08-15'),
('TM-56', '2020313863', 'TPG-3', '2023-02-24'),
('TM-560', '1742840866', 'TPG-1', '2022-04-20'),
('TM-561', '9916628560', 'TPG-1', '2022-01-14'),
('TM-562', '1117663269', 'TPG-2', '2023-05-21'),
('TM-563', '7784845269', 'TPG-3', '2023-05-29'),
('TM-564', '2681180710', 'TPG-1', '2021-08-23'),
('TM-565', '6158320981', 'TPG-2', '2022-07-30'),
('TM-566', '4873074149', 'TPG-2', '2021-03-16'),
('TM-567', '4862176223', 'TPG-3', '2021-01-21'),
('TM-568', '8603803531', 'TPG-3', '2022-11-04'),
('TM-569', '3251624393', 'TPG-2', '2022-07-02'),
('TM-57', '7217187356', 'TPG-3', '2021-09-04'),
('TM-570', '5557996726', 'TPG-1', '2023-10-16'),
('TM-571', '7038044290', 'TPG-3', '2023-10-17'),
('TM-572', '6227959521', 'TPG-1', '2022-07-10'),
('TM-573', '3496799470', 'TPG-2', '2021-05-16'),
('TM-574', '8498809286', 'TPG-2', '2021-04-14'),
('TM-575', '3520649515', 'TPG-1', '2022-11-21'),
('TM-576', '9449037889', 'TPG-2', '2022-10-19'),
('TM-577', '2681977342', 'TPG-1', '2021-11-03'),
('TM-578', '4278305961', 'TPG-2', '2022-03-09'),
('TM-579', '5656536603', 'TPG-3', '2022-10-09'),
('TM-58', '5364975840', 'TPG-1', '2023-09-16'),
('TM-580', '8621963087', 'TPG-1', '2023-06-22'),
('TM-581', '4672408329', 'TPG-2', '2021-03-05'),
('TM-582', '2681928923', 'TPG-3', '2023-04-11'),
('TM-583', '4209764226', 'TPG-2', '2021-10-26'),
('TM-584', '1265643002', 'TPG-1', '2023-08-12'),
('TM-585', '2998831137', 'TPG-3', '2022-12-14'),
('TM-586', '4119467001', 'TPG-1', '2023-02-15'),
('TM-587', '9812693378', 'TPG-3', '2022-09-07'),
('TM-588', '8174146637', 'TPG-1', '2022-10-08'),
('TM-589', '3626126169', 'TPG-2', '2021-05-23'),
('TM-59', '3149607681', 'TPG-3', '2022-02-14'),
('TM-590', '4601682385', 'TPG-2', '2022-09-12'),
('TM-591', '5119872997', 'TPG-3', '2021-07-08'),
('TM-592', '4977055883', 'TPG-1', '2021-11-21'),
('TM-593', '9158890600', 'TPG-1', '2023-11-21'),
('TM-594', '6730320878', 'TPG-2', '2023-04-20'),
('TM-595', '2154383882', 'TPG-1', '2021-03-14'),
('TM-596', '9191692695', 'TPG-1', '2021-10-03'),
('TM-597', '1377666992', 'TPG-3', '2023-03-22'),
('TM-598', '2903315187', 'TPG-3', '2021-09-20'),
('TM-599', '3637338226', 'TPG-2', '2022-04-08'),
('TM-6', '7038693491', 'TPG-2', '2021-11-06'),
('TM-60', '4620269597', 'TPG-2', '2023-06-30'),
('TM-600', '9428185229', 'TPG-3', '2023-10-22'),
('TM-601', '6879044403', 'TPG-3', '2023-07-07'),
('TM-602', '6369284008', 'TPG-3', '2022-08-14'),
('TM-603', '6203487255', 'TPG-3', '2022-11-27'),
('TM-604', '3754563870', 'TPG-1', '2021-12-26'),
('TM-605', '3843157314', 'TPG-3', '2022-03-11'),
('TM-606', '5162670188', 'TPG-3', '2023-10-17'),
('TM-607', '9618957228', 'TPG-1', '2022-12-26'),
('TM-608', '8923568080', 'TPG-3', '2021-07-23'),
('TM-609', '4908080205', 'TPG-2', '2021-10-22'),
('TM-61', '4978473074', 'TPG-3', '2022-12-15'),
('TM-610', '9309989398', 'TPG-2', '2022-10-18'),
('TM-611', '4053649131', 'TPG-3', '2022-01-26'),
('TM-612', '4624134251', 'TPG-2', '2021-06-29'),
('TM-613', '4821315119', 'TPG-1', '2022-06-06'),
('TM-614', '3449748034', 'TPG-3', '2021-01-07'),
('TM-615', '5868625300', 'TPG-3', '2023-09-26'),
('TM-616', '8939436832', 'TPG-1', '2022-05-22'),
('TM-617', '5074265330', 'TPG-2', '2021-12-14'),
('TM-618', '1422884577', 'TPG-3', '2021-05-28'),
('TM-619', '8761218062', 'TPG-2', '2022-12-05'),
('TM-62', '6157295692', 'TPG-3', '2022-12-11'),
('TM-620', '4615398928', 'TPG-3', '2022-10-10'),
('TM-621', '1626054146', 'TPG-3', '2022-07-22'),
('TM-622', '2631739903', 'TPG-3', '2021-03-03'),
('TM-623', '8565114885', 'TPG-2', '2021-09-15'),
('TM-624', '6811491700', 'TPG-2', '2023-01-07'),
('TM-625', '1519111060', 'TPG-3', '2023-02-04'),
('TM-626', '2127183462', 'TPG-1', '2022-06-12'),
('TM-627', '7751866025', 'TPG-1', '2022-02-16'),
('TM-628', '8220265156', 'TPG-2', '2023-10-25'),
('TM-629', '2442311031', 'TPG-1', '2021-10-25'),
('TM-63', '2288712807', 'TPG-3', '2022-01-13'),
('TM-630', '1629431064', 'TPG-2', '2021-04-04'),
('TM-631', '4285893340', 'TPG-1', '2023-03-20'),
('TM-632', '1848521745', 'TPG-2', '2023-01-14'),
('TM-633', '8932508344', 'TPG-1', '2022-02-07'),
('TM-634', '8659188110', 'TPG-3', '2022-08-16'),
('TM-635', '9782625072', 'TPG-2', '2022-08-02'),
('TM-636', '3539058437', 'TPG-3', '2023-12-16'),
('TM-637', '8807544475', 'TPG-1', '2023-04-07'),
('TM-638', '3481817590', 'TPG-2', '2021-03-04'),
('TM-639', '3107292112', 'TPG-1', '2023-09-01'),
('TM-64', '2413153872', 'TPG-1', '2022-05-30'),
('TM-640', '1503980030', 'TPG-3', '2021-08-02'),
('TM-641', '8267234794', 'TPG-2', '2023-10-10'),
('TM-642', '2186130890', 'TPG-1', '2022-05-23'),
('TM-643', '7473452242', 'TPG-3', '2022-07-18'),
('TM-644', '3351119780', 'TPG-3', '2023-04-22'),
('TM-645', '2161872053', 'TPG-2', '2022-12-20'),
('TM-646', '6188753966', 'TPG-1', '2021-11-21'),
('TM-647', '6592268400', 'TPG-2', '2022-04-09'),
('TM-648', '8551333473', 'TPG-1', '2022-03-27'),
('TM-649', '2578559778', 'TPG-3', '2023-06-17'),
('TM-65', '6969458426', 'TPG-3', '2023-07-06'),
('TM-650', '8432267066', 'TPG-2', '2021-03-20'),
('TM-651', '5119874332', 'TPG-1', '2023-03-15'),
('TM-652', '2031528722', 'TPG-1', '2023-04-03'),
('TM-653', '4636021345', 'TPG-1', '2021-04-20'),
('TM-654', '4464108125', 'TPG-1', '2022-10-20'),
('TM-655', '1798697221', 'TPG-3', '2022-04-20'),
('TM-656', '9401127054', 'TPG-3', '2022-10-24'),
('TM-657', '9983075355', 'TPG-1', '2023-12-02'),
('TM-658', '6468689659', 'TPG-3', '2021-09-19'),
('TM-659', '1539251325', 'TPG-3', '2021-01-27'),
('TM-66', '9861972560', 'TPG-1', '2021-01-14'),
('TM-660', '4072517061', 'TPG-2', '2021-04-25'),
('TM-661', '7263139039', 'TPG-3', '2023-10-02'),
('TM-662', '9990372669', 'TPG-3', '2022-04-18'),
('TM-663', '7797682648', 'TPG-1', '2021-03-03'),
('TM-664', '5510918671', 'TPG-3', '2023-09-04'),
('TM-665', '5929305986', 'TPG-3', '2023-01-21'),
('TM-666', '2442274183', 'TPG-2', '2021-05-26'),
('TM-667', '1059228966', 'TPG-2', '2023-12-09'),
('TM-668', '9084700193', 'TPG-2', '2021-06-21'),
('TM-669', '8588831439', 'TPG-2', '2023-11-15'),
('TM-67', '3169385809', 'TPG-2', '2022-03-26'),
('TM-670', '2095227901', 'TPG-2', '2023-05-30'),
('TM-671', '1704156781', 'TPG-3', '2023-03-25'),
('TM-672', '3809663068', 'TPG-1', '2023-06-22'),
('TM-673', '4741591925', 'TPG-2', '2022-02-19'),
('TM-674', '8266815364', 'TPG-3', '2021-04-01'),
('TM-675', '3453694025', 'TPG-2', '2021-07-14'),
('TM-676', '6713079096', 'TPG-1', '2022-11-24'),
('TM-677', '9807253178', 'TPG-2', '2023-02-01'),
('TM-678', '2143308415', 'TPG-1', '2023-08-12'),
('TM-679', '6867950216', 'TPG-1', '2023-05-19'),
('TM-68', '5814921223', 'TPG-2', '2023-10-20'),
('TM-680', '5255564103', 'TPG-3', '2023-04-26'),
('TM-681', '1812825137', 'TPG-3', '2021-07-08'),
('TM-682', '4240203963', 'TPG-2', '2022-11-28'),
('TM-683', '5627009320', 'TPG-3', '2023-01-18'),
('TM-684', '5571247579', 'TPG-3', '2023-09-13'),
('TM-685', '6021387670', 'TPG-2', '2023-08-12'),
('TM-686', '8918157933', 'TPG-3', '2021-03-26'),
('TM-687', '9873106217', 'TPG-1', '2022-06-25'),
('TM-688', '8719834940', 'TPG-3', '2021-11-05'),
('TM-689', '6286483118', 'TPG-1', '2023-06-05'),
('TM-69', '7847571760', 'TPG-1', '2022-01-28'),
('TM-690', '7940977729', 'TPG-3', '2022-12-13'),
('TM-691', '4061645673', 'TPG-2', '2022-08-27'),
('TM-692', '5290103467', 'TPG-1', '2021-03-26'),
('TM-693', '6047102757', 'TPG-1', '2021-04-20'),
('TM-694', '5611959428', 'TPG-2', '2021-03-30'),
('TM-695', '3886274938', 'TPG-3', '2021-10-28'),
('TM-696', '4661793534', 'TPG-1', '2022-02-26'),
('TM-697', '5266905635', 'TPG-2', '2021-05-12'),
('TM-698', '9645020704', 'TPG-3', '2021-02-12'),
('TM-699', '2710593870', 'TPG-3', '2022-08-20'),
('TM-7', '4673446447', 'TPG-2', '2022-09-27'),
('TM-70', '6187021958', 'TPG-3', '2021-11-29'),
('TM-700', '1759767532', 'TPG-2', '2022-02-11'),
('TM-701', '1297899072', 'TPG-2', '2021-11-23'),
('TM-702', '1389320871', 'TPG-2', '2023-12-27'),
('TM-703', '3767994466', 'TPG-2', '2021-11-17'),
('TM-704', '5937841434', 'TPG-2', '2023-09-02'),
('TM-705', '2863422264', 'TPG-3', '2023-08-25'),
('TM-706', '1436580468', 'TPG-3', '2022-02-16'),
('TM-707', '4582143100', 'TPG-1', '2021-08-06'),
('TM-708', '7453739473', 'TPG-1', '2023-12-29'),
('TM-709', '6097996115', 'TPG-3', '2022-01-20'),
('TM-71', '6224125084', 'TPG-2', '2023-01-07'),
('TM-710', '1200294904', 'TPG-3', '2022-10-07'),
('TM-711', '6193718661', 'TPG-2', '2022-05-21'),
('TM-712', '7383334308', 'TPG-1', '2023-04-03'),
('TM-713', '9193590983', 'TPG-3', '2023-09-18'),
('TM-714', '2172005616', 'TPG-1', '2023-12-03'),
('TM-715', '2298127734', 'TPG-1', '2021-05-08'),
('TM-716', '3967513563', 'TPG-1', '2023-10-04'),
('TM-717', '1731512764', 'TPG-1', '2023-08-24'),
('TM-718', '8939416894', 'TPG-1', '2023-07-18'),
('TM-719', '5020801908', 'TPG-3', '2021-02-04'),
('TM-72', '6472506170', 'TPG-1', '2023-03-06'),
('TM-720', '7638717511', 'TPG-2', '2022-04-27'),
('TM-721', '4401844341', 'TPG-2', '2022-03-02'),
('TM-722', '6157247001', 'TPG-2', '2022-11-27'),
('TM-723', '4624884715', 'TPG-2', '2023-08-01'),
('TM-724', '5271719754', 'TPG-1', '2022-11-28'),
('TM-725', '4712130859', 'TPG-3', '2021-01-05'),
('TM-726', '2572635139', 'TPG-2', '2023-05-04'),
('TM-727', '6635039595', 'TPG-1', '2022-01-14'),
('TM-728', '1963847414', 'TPG-3', '2021-08-09'),
('TM-729', '5155760695', 'TPG-1', '2023-09-20'),
('TM-73', '5496860676', 'TPG-2', '2021-07-09'),
('TM-730', '3655691150', 'TPG-3', '2023-12-25'),
('TM-731', '8094218848', 'TPG-3', '2022-08-27'),
('TM-732', '1439559375', 'TPG-2', '2021-04-30'),
('TM-733', '1710461317', 'TPG-1', '2023-03-18'),
('TM-734', '5589189223', 'TPG-1', '2021-09-04'),
('TM-735', '6749154322', 'TPG-3', '2022-06-19'),
('TM-736', '4035423845', 'TPG-2', '2021-08-30'),
('TM-737', '6265069149', 'TPG-3', '2021-02-15'),
('TM-738', '6017988496', 'TPG-1', '2021-11-13'),
('TM-739', '5961883420', 'TPG-1', '2021-01-22'),
('TM-74', '8286764830', 'TPG-2', '2021-05-30'),
('TM-740', '8697716632', 'TPG-3', '2023-03-10'),
('TM-741', '4465965822', 'TPG-3', '2021-05-08'),
('TM-742', '7433319229', 'TPG-2', '2022-03-07'),
('TM-743', '6993579475', 'TPG-1', '2023-04-12'),
('TM-744', '2490049595', 'TPG-2', '2023-02-07'),
('TM-745', '6122179232', 'TPG-1', '2023-04-29'),
('TM-746', '5148679099', 'TPG-2', '2023-04-30'),
('TM-747', '5487766703', 'TPG-2', '2023-08-21'),
('TM-748', '3189941160', 'TPG-2', '2022-11-02'),
('TM-749', '2926880323', 'TPG-3', '2023-12-01'),
('TM-75', '9331457337', 'TPG-3', '2021-07-04'),
('TM-750', '5893004142', 'TPG-2', '2023-09-13'),
('TM-751', '2462834362', 'TPG-2', '2023-12-21'),
('TM-752', '7238420703', 'TPG-2', '2021-03-17'),
('TM-753', '4233431165', 'TPG-3', '2022-11-16'),
('TM-754', '7082942488', 'TPG-3', '2022-02-19'),
('TM-755', '7608485694', 'TPG-3', '2022-12-20'),
('TM-756', '1580051266', 'TPG-2', '2021-08-04'),
('TM-757', '5733345158', 'TPG-1', '2022-11-01'),
('TM-758', '8242188981', 'TPG-2', '2023-07-24'),
('TM-759', '7611583517', 'TPG-2', '2021-04-23'),
('TM-76', '3994910496', 'TPG-1', '2021-10-26'),
('TM-760', '1037182263', 'TPG-3', '2022-04-01'),
('TM-761', '9374045509', 'TPG-1', '2023-03-19'),
('TM-762', '6820672922', 'TPG-1', '2023-01-18'),
('TM-763', '1705902467', 'TPG-1', '2023-08-12'),
('TM-764', '2018326154', 'TPG-2', '2022-06-03'),
('TM-765', '7206475973', 'TPG-3', '2021-09-14'),
('TM-766', '3612424495', 'TPG-3', '2022-07-18'),
('TM-767', '8825302688', 'TPG-2', '2023-10-28'),
('TM-768', '7587090109', 'TPG-2', '2023-08-21'),
('TM-769', '8346813324', 'TPG-2', '2023-02-22'),
('TM-77', '5732400768', 'TPG-1', '2021-08-17'),
('TM-770', '3153484217', 'TPG-3', '2022-03-30'),
('TM-771', '1862980435', 'TPG-2', '2022-05-18'),
('TM-772', '4227692433', 'TPG-3', '2022-09-02'),
('TM-773', '1280127509', 'TPG-3', '2022-01-21'),
('TM-774', '3446430714', 'TPG-3', '2022-07-02'),
('TM-775', '6426620591', 'TPG-1', '2021-08-09'),
('TM-776', '9308982544', 'TPG-3', '2023-02-10'),
('TM-777', '5912842707', 'TPG-3', '2022-10-17'),
('TM-778', '9723996871', 'TPG-1', '2021-09-15'),
('TM-779', '1241883856', 'TPG-3', '2022-10-23'),
('TM-78', '7267671915', 'TPG-1', '2023-02-22'),
('TM-780', '7539236824', 'TPG-3', '2021-03-25'),
('TM-781', '1391651537', 'TPG-3', '2022-03-04'),
('TM-782', '4028477395', 'TPG-2', '2021-12-07'),
('TM-783', '9440675551', 'TPG-1', '2021-02-17'),
('TM-784', '4953282084', 'TPG-2', '2022-08-10'),
('TM-785', '5477388892', 'TPG-2', '2023-06-01'),
('TM-786', '2286433454', 'TPG-1', '2023-04-07'),
('TM-787', '2585506158', 'TPG-2', '2023-01-05'),
('TM-788', '8154929227', 'TPG-1', '2023-02-14'),
('TM-789', '7280248842', 'TPG-3', '2021-03-04'),
('TM-79', '2217810583', 'TPG-3', '2021-10-04'),
('TM-790', '8602563580', 'TPG-1', '2023-09-13'),
('TM-791', '7553146371', 'TPG-1', '2023-10-21'),
('TM-792', '1872098928', 'TPG-3', '2023-04-07'),
('TM-793', '7751696209', 'TPG-2', '2021-03-03'),
('TM-794', '7489545595', 'TPG-3', '2023-07-04'),
('TM-795', '2128164578', 'TPG-3', '2021-09-20'),
('TM-796', '5757528223', 'TPG-2', '2021-07-05'),
('TM-797', '8279956896', 'TPG-3', '2022-03-06'),
('TM-798', '5371165158', 'TPG-3', '2023-05-29'),
('TM-799', '5752199726', 'TPG-2', '2023-11-30'),
('TM-8', '6196061724', 'TPG-3', '2023-11-12'),
('TM-80', '6534496469', 'TPG-3', '2023-11-26'),
('TM-800', '8036015821', 'TPG-3', '2021-09-27'),
('TM-801', '9032955053', 'TPG-3', '2021-09-06'),
('TM-802', '4029219134', 'TPG-1', '2022-09-15'),
('TM-803', '1101703202', 'TPG-3', '2021-04-05'),
('TM-804', '4771705213', 'TPG-1', '2022-01-04'),
('TM-805', '5546088252', 'TPG-3', '2022-11-11'),
('TM-806', '9894152676', 'TPG-2', '2022-05-02'),
('TM-807', '4839059731', 'TPG-1', '2022-01-01'),
('TM-808', '2696992178', 'TPG-1', '2022-09-05'),
('TM-809', '4090616619', 'TPG-1', '2022-06-28'),
('TM-81', '7363136189', 'TPG-1', '2021-10-24'),
('TM-810', '6115238932', 'TPG-2', '2021-06-27'),
('TM-811', '7147316319', 'TPG-3', '2023-09-18'),
('TM-812', '3979456463', 'TPG-3', '2023-07-26'),
('TM-813', '9171943524', 'TPG-3', '2023-05-27'),
('TM-814', '5767322135', 'TPG-1', '2021-04-06'),
('TM-815', '3839254250', 'TPG-3', '2021-01-30'),
('TM-816', '1775130609', 'TPG-1', '2021-07-01'),
('TM-817', '6972817297', 'TPG-3', '2023-01-08'),
('TM-818', '3245738415', 'TPG-1', '2023-12-04'),
('TM-819', '6294644168', 'TPG-2', '2023-12-09'),
('TM-82', '9197249827', 'TPG-2', '2021-05-24'),
('TM-820', '2711358651', 'TPG-1', '2021-11-26'),
('TM-821', '8118901150', 'TPG-3', '2023-05-09'),
('TM-822', '6578964244', 'TPG-3', '2022-01-26'),
('TM-823', '3872930581', 'TPG-1', '2021-09-04'),
('TM-824', '1611233594', 'TPG-3', '2022-03-20'),
('TM-825', '6522981471', 'TPG-1', '2022-06-24'),
('TM-826', '7240392260', 'TPG-3', '2021-02-03'),
('TM-827', '7347098306', 'TPG-3', '2021-01-05'),
('TM-828', '4007997324', 'TPG-2', '2022-08-16'),
('TM-829', '6791287826', 'TPG-1', '2022-05-01'),
('TM-83', '5827128673', 'TPG-1', '2021-11-03'),
('TM-830', '5054681224', 'TPG-2', '2022-06-05'),
('TM-831', '5034810683', 'TPG-2', '2022-02-07'),
('TM-832', '5972284402', 'TPG-1', '2021-12-04'),
('TM-833', '1407789628', 'TPG-3', '2022-03-07'),
('TM-834', '2379099955', 'TPG-1', '2021-04-13'),
('TM-835', '3087382368', 'TPG-2', '2021-11-21'),
('TM-836', '8385807263', 'TPG-2', '2022-03-05'),
('TM-837', '2729563111', 'TPG-3', '2021-09-15'),
('TM-838', '5171820820', 'TPG-1', '2023-07-22'),
('TM-839', '6375377484', 'TPG-2', '2021-05-25'),
('TM-84', '3629004527', 'TPG-2', '2023-12-28'),
('TM-840', '9821266399', 'TPG-2', '2023-11-16'),
('TM-841', '6904919223', 'TPG-3', '2023-03-28'),
('TM-842', '4125969219', 'TPG-1', '2021-01-02'),
('TM-843', '5905654615', 'TPG-1', '2023-06-19'),
('TM-844', '7033938606', 'TPG-1', '2023-04-05'),
('TM-845', '1824914298', 'TPG-2', '2022-06-12'),
('TM-846', '4777973368', 'TPG-1', '2021-04-19'),
('TM-847', '2558424789', 'TPG-3', '2021-06-21'),
('TM-848', '8399167043', 'TPG-2', '2021-02-06'),
('TM-849', '6343184875', 'TPG-2', '2023-03-18'),
('TM-85', '3283624800', 'TPG-1', '2022-10-07'),
('TM-850', '2067483463', 'TPG-2', '2022-07-05'),
('TM-851', '4989242359', 'TPG-1', '2022-06-26'),
('TM-852', '4280982288', 'TPG-3', '2021-02-27'),
('TM-853', '4706818752', 'TPG-3', '2021-10-10'),
('TM-854', '1809948653', 'TPG-1', '2023-08-23'),
('TM-855', '6342798443', 'TPG-1', '2021-02-13'),
('TM-856', '5810833776', 'TPG-1', '2021-05-19'),
('TM-857', '2956283615', 'TPG-2', '2021-03-18'),
('TM-858', '3413257922', 'TPG-3', '2021-10-15'),
('TM-859', '8989959524', 'TPG-2', '2023-04-29'),
('TM-86', '3973625591', 'TPG-2', '2021-11-18'),
('TM-860', '4801548171', 'TPG-1', '2021-12-18'),
('TM-861', '9524667887', 'TPG-1', '2021-12-04'),
('TM-862', '3771542748', 'TPG-2', '2022-01-19'),
('TM-863', '3930111631', 'TPG-2', '2021-08-30'),
('TM-864', '5660010681', 'TPG-1', '2022-09-07'),
('TM-865', '7825023441', 'TPG-2', '2022-05-08'),
('TM-866', '6496927313', 'TPG-3', '2022-08-24'),
('TM-867', '3052082333', 'TPG-2', '2022-08-25'),
('TM-868', '3761267376', 'TPG-2', '2021-05-27'),
('TM-869', '5930423501', 'TPG-3', '2023-01-19'),
('TM-87', '1313659169', 'TPG-2', '2021-10-11'),
('TM-870', '6165102784', 'TPG-1', '2023-08-30'),
('TM-871', '8728463493', 'TPG-1', '2021-12-11'),
('TM-872', '4765065629', 'TPG-2', '2023-08-24'),
('TM-873', '9843847689', 'TPG-2', '2023-05-30'),
('TM-874', '4094224107', 'TPG-1', '2022-10-24'),
('TM-875', '2487523549', 'TPG-1', '2023-11-19'),
('TM-876', '2066969100', 'TPG-2', '2022-07-17'),
('TM-877', '2681755812', 'TPG-1', '2022-08-09'),
('TM-878', '8152091984', 'TPG-2', '2021-06-15'),
('TM-879', '2467274608', 'TPG-2', '2023-07-14'),
('TM-88', '3374716929', 'TPG-2', '2022-03-19'),
('TM-880', '2418317652', 'TPG-1', '2021-07-06'),
('TM-881', '4100650147', 'TPG-1', '2022-08-14'),
('TM-882', '9578468158', 'TPG-2', '2022-05-05'),
('TM-883', '3228461764', 'TPG-3', '2022-05-24'),
('TM-884', '8057109411', 'TPG-3', '2022-01-18'),
('TM-885', '6708545631', 'TPG-2', '2022-01-20'),
('TM-886', '6892313932', 'TPG-3', '2023-08-16'),
('TM-887', '7351654044', 'TPG-2', '2021-02-01'),
('TM-888', '3158036343', 'TPG-3', '2021-07-11'),
('TM-889', '6499281696', 'TPG-1', '2022-02-02'),
('TM-89', '1947512118', 'TPG-2', '2021-03-01'),
('TM-890', '1974709706', 'TPG-2', '2023-03-05'),
('TM-891', '8173820270', 'TPG-2', '2021-03-22'),
('TM-892', '6522316595', 'TPG-2', '2021-10-02'),
('TM-893', '4032252055', 'TPG-1', '2022-09-13'),
('TM-894', '5748749692', 'TPG-3', '2023-04-03'),
('TM-895', '1199975396', 'TPG-2', '2023-10-02'),
('TM-896', '7453767492', 'TPG-1', '2021-02-12'),
('TM-897', '8139220993', 'TPG-2', '2021-08-24'),
('TM-898', '4000210191', 'TPG-2', '2021-03-13'),
('TM-899', '7122530138', 'TPG-2', '2021-10-14'),
('TM-9', '5549791378', 'TPG-2', '2023-07-04'),
('TM-90', '7830214540', 'TPG-3', '2021-08-26'),
('TM-900', '1868149509', 'TPG-3', '2021-08-20'),
('TM-901', '8694016716', 'TPG-1', '2023-10-20'),
('TM-902', '2841371957', 'TPG-1', '2021-11-13'),
('TM-903', '8745298194', 'TPG-3', '2022-07-29'),
('TM-904', '5473346480', 'TPG-1', '2023-05-26'),
('TM-905', '6491366300', 'TPG-2', '2021-03-18'),
('TM-906', '9441444929', 'TPG-3', '2023-10-11'),
('TM-907', '7757654214', 'TPG-3', '2021-06-22'),
('TM-908', '8247100002', 'TPG-1', '2021-07-16'),
('TM-909', '4096956712', 'TPG-3', '2023-05-14'),
('TM-91', '9808722576', 'TPG-2', '2021-07-26'),
('TM-910', '9750486263', 'TPG-3', '2022-02-09'),
('TM-911', '1653558882', 'TPG-1', '2022-01-15'),
('TM-912', '2482565817', 'TPG-2', '2023-10-21'),
('TM-913', '9769516255', 'TPG-1', '2023-02-01'),
('TM-914', '7509760535', 'TPG-1', '2022-09-20'),
('TM-915', '7955440260', 'TPG-3', '2022-08-01'),
('TM-916', '8859188858', 'TPG-3', '2021-01-29'),
('TM-917', '7124646009', 'TPG-1', '2022-01-29'),
('TM-918', '5554641958', 'TPG-3', '2021-11-29'),
('TM-919', '7744299699', 'TPG-3', '2023-04-12'),
('TM-92', '4657990850', 'TPG-3', '2023-06-17'),
('TM-920', '4543708619', 'TPG-2', '2023-09-22'),
('TM-921', '7556241547', 'TPG-2', '2023-12-30'),
('TM-922', '5334612249', 'TPG-3', '2022-06-27'),
('TM-923', '1578920190', 'TPG-3', '2022-04-03'),
('TM-924', '8263658495', 'TPG-2', '2023-10-22'),
('TM-925', '2310442468', 'TPG-3', '2022-11-12'),
('TM-926', '5784015721', 'TPG-1', '2023-08-03'),
('TM-927', '1665028505', 'TPG-3', '2021-11-02'),
('TM-928', '3336913043', 'TPG-3', '2021-09-30'),
('TM-929', '3657280551', 'TPG-2', '2023-03-25'),
('TM-93', '4804075912', 'TPG-3', '2021-07-28'),
('TM-94', '2579912663', 'TPG-1', '2022-10-16'),
('TM-95', '1624080773', 'TPG-3', '2023-05-09'),
('TM-96', '5948490297', 'TPG-1', '2023-09-06'),
('TM-97', '6411391438', 'TPG-2', '2022-02-11'),
('TM-98', '5101453534', 'TPG-2', '2023-04-29'),
('TM-99', '6385619020', 'TPG-2', '2022-04-30');

INSERT INTO tb_contrato (TbC_ID_Contrato, TbC_ID_Personas, TbC_Fecha, TbC_Salario_Hora) VALUES
('14404', '2217810583', '2022-09-07', 20000),
('15318', '7830214540', '2018-08-22', 60000),
('15855', '4673446447', '2019-11-24', 80000),
('17486', '8638321778', '2021-05-12', 80000),
('19875', '2505629948', '2023-01-29', 80000),
('20547', '5814921223', '2018-01-09', 80000),
('23290', '5426147866', '2023-04-26', 60000),
('23787', '6882629817', '2021-12-05', 40000),
('25191', '9458542289', '2017-12-12', 40000),
('26484', '3034723145', '2019-02-04', 20000),
('26702', '6472506170', '2019-08-20', 40000),
('29056', '1679792332', '2018-12-03', 80000),
('29955', '6385619020', '2023-01-29', 40000),
('30158', '3171410301', '2021-11-11', 20000),
('31475', '2579924057', '2023-04-16', 60000),
('31899', '7719618139', '2023-07-08', 60000),
('32012', '7038693491', '2023-09-22', 20000),
('32141', '3994910496', '2023-01-11', 40000),
('34445', '6230608762', '2017-10-24', 20000),
('34504', '4622306074', '2021-11-05', 80000),
('34723', '5101453534', '2022-09-13', 40000),
('34892', '5364975840', '2022-08-18', 80000),
('39095', '4476594701', '2018-11-11', 20000),
('39458', '9808722576', '2018-08-17', 20000),
('40053', '8313410983', '2020-09-24', 40000),
('40226', '7363136189', '2019-10-07', 60000),
('41467', '6157295692', '2019-08-17', 20000),
('43459', '9341554710', '2019-02-01', 20000),
('48045', '5496860676', '2023-05-29', 20000),
('48767', '8163107067', '2018-07-19', 60000),
('49869', '4298257072', '2019-10-10', 80000),
('50463', '3810558424', '2019-04-22', 40000),
('54711', '9242746319', '2019-03-13', 20000),
('56942', '8953967671', '2020-04-13', 40000),
('57347', '2288712807', '2018-02-17', 80000),
('58118', '2155498127', '2022-01-15', 60000),
('59574', '5662974997', '2020-11-08', 40000),
('60470', '5134591534', '2018-12-14', 80000),
('61871', '9442239081', '2020-03-11', 80000),
('62119', '4694692017', '2017-08-09', 40000),
('62948', '5888110457', '2019-11-13', 40000),
('63608', '5320037295', '2020-01-28', 80000),
('65031', '8932526521', '2018-02-10', 40000),
('68965', '9650410878', '2019-11-12', 80000),
('71629', '4657990850', '2018-12-11', 60000),
('71796', '6969458426', '2023-03-29', 60000),
('72393', '3149607681', '2018-05-02', 80000),
('72500', '6224125084', '2023-03-27', 40000),
('73893', '8840573571', '2019-08-23', 40000),
('74862', '2852645727', '2023-09-24', 80000),
('74962', '8488731583', '2021-05-23', 60000),
('75949', '4620269597', '2019-09-07', 80000),
('76012', '9651512256', '2022-06-11', 20000),
('76707', '5962152930', '2021-09-23', 80000),
('77924', '2082098217', '2020-06-24', 60000),
('80418', '7989722065', '2021-12-10', 80000),
('81259', '4893075708', '2020-12-18', 80000),
('82010', '3169385809', '2018-03-09', 20000),
('82649', '4331107052', '2019-04-02', 40000),
('88062', '6585901593', '2022-02-19', 20000),
('88372', '7483711508', '2019-10-30', 20000),
('91351', '6334147443', '2020-02-09', 80000),
('92266', '6411391438', '2023-07-19', 20000),
('93505', '3909924456', '2019-04-17', 80000),
('94917', '5549791378', '2023-07-14', 20000),
('95082', '1624080773', '2019-03-09', 80000),
('97827', '3488850673', '2022-02-14', 60000),
('98678', '3629004527', '2022-08-31', 60000),
('99769', '1952808668', '2018-05-04', 80000),
('99794', '3374716929', '2021-02-18', 60000);

INSERT INTO tb_carga_docente (TbCD_ID_Detalles, TbCD_Contrato, TbCD_Horas_Trabajadas, TbCD_Semana) VALUES
('DT-1', '14404', 1, 'SM-5'),
('DT-10', '26484', 1, 'SM-3'),
('DT-11', '26702', 2, 'SM-2'),
('DT-12', '29056', 4, 'SM-1'),
('DT-13', '29955', 2, 'SM-4'),
('DT-14', '30158', 1, 'SM-1'),
('DT-15', '31475', 3, 'SM-4'),
('DT-16', '31899', 3, 'SM-3'),
('DT-17', '32012', 1, 'SM-1'),
('DT-18', '32141', 2, 'SM-2'),
('DT-19', '34445', 1, 'SM-2'),
('DT-2', '15318', 3, 'SM-3'),
('DT-20', '34504', 4, 'SM-2'),
('DT-21', '34723', 2, 'SM-5'),
('DT-22', '34892', 4, 'SM-1'),
('DT-23', '39095', 1, 'SM-3'),
('DT-24', '39458', 1, 'SM-3'),
('DT-25', '40053', 2, 'SM-4'),
('DT-26', '40226', 3, 'SM-3'),
('DT-27', '41467', 1, 'SM-2'),
('DT-28', '43459', 1, 'SM-4'),
('DT-29', '48045', 1, 'SM-3'),
('DT-3', '15855', 4, 'SM-4'),
('DT-30', '48767', 3, 'SM-1'),
('DT-31', '49869', 4, 'SM-2'),
('DT-32', '50463', 2, 'SM-4'),
('DT-33', '54711', 1, 'SM-4'),
('DT-34', '56942', 2, 'SM-1'),
('DT-35', '57347', 4, 'SM-3'),
('DT-36', '58118', 3, 'SM-3'),
('DT-37', '59574', 2, 'SM-4'),
('DT-38', '60470', 4, 'SM-3'),
('DT-39', '61871', 4, 'SM-5'),
('DT-4', '17486', 4, 'SM-5'),
('DT-40', '62119', 2, 'SM-3'),
('DT-41', '62948', 2, 'SM-4'),
('DT-42', '63608', 4, 'SM-4'),
('DT-43', '65031', 2, 'SM-5'),
('DT-44', '68965', 4, 'SM-2'),
('DT-45', '71629', 3, 'SM-2'),
('DT-46', '71796', 3, 'SM-2'),
('DT-47', '72393', 4, 'SM-3'),
('DT-48', '72500', 2, 'SM-4'),
('DT-49', '73893', 2, 'SM-3'),
('DT-5', '19875', 4, 'SM-3'),
('DT-50', '74862', 4, 'SM-1'),
('DT-51', '74962', 3, 'SM-4'),
('DT-52', '75949', 4, 'SM-2'),
('DT-53', '76012', 1, 'SM-3'),
('DT-54', '76707', 4, 'SM-1'),
('DT-55', '77924', 3, 'SM-3'),
('DT-56', '80418', 4, 'SM-5'),
('DT-57', '81259', 4, 'SM-2'),
('DT-58', '82010', 1, 'SM-3'),
('DT-59', '82649', 2, 'SM-1'),
('DT-6', '20547', 4, 'SM-3'),
('DT-60', '88062', 1, 'SM-3'),
('DT-61', '88372', 1, 'SM-3'),
('DT-62', '91351', 4, 'SM-5'),
('DT-63', '92266', 1, 'SM-1'),
('DT-64', '93505', 4, 'SM-3'),
('DT-65', '94917', 1, 'SM-3'),
('DT-66', '95082', 4, 'SM-5'),
('DT-67', '97827', 3, 'SM-2'),
('DT-68', '98678', 3, 'SM-2'),
('DT-69', '99769', 4, 'SM-4'),
('DT-7', '23290', 3, 'SM-2'),
('DT-70', '99794', 3, 'SM-3'),
('DT-8', '23787', 2, 'SM-1'),
('DT-9', '25191', 2, 'SM-1');

INSERT INTO tb_Usuarios (TbU_Email, TbU_ID_Contraseña, TbU_Tipo_Persona) VALUES
('AbbeScowcroft@gmail.com','8840573571','TP-2'),
('AbdelAnfossi@gmail.com','2155498127','TP-2'),
('AbdelKonerding@gmail.com','2698437962','TP-1'),
('AbieAdlington@gmail.com','3171410301','TP-2'),
('AbieDullard@gmail.com','2852645727','TP-2'),
('AbieJozwicki@gmail.com','1935812670','TP-1'),
('AbieLamswood@gmail.com','7038693491','TP-2'),
('AdahFarry@gmail.com','4673446447','TP-2'),
('AdahGarner@gmail.com','6196061724','TP-1'),
('AdamoChappell@gmail.com','5549791378','TP-2'),
('AddiaHillam@gmail.com','3488850673','TP-2'),
('AddiaKliemke@gmail.com','3810558424','TP-2'),
('AddyMolineux@gmail.com','2082098217','TP-2'),
('AdelinaKlaff@gmail.com','2207777371','TP-1'),
('AdolpheRothwell@gmail.com','6399833480','TP-1'),
('AdolpheStrognell@gmail.com','4210191177','TP-1'),
('AdrianSchooley@gmail.com','5662974997','TP-2'),
('AdrianSidery@gmail.com','6630006744','TP-1'),
('AileeColclough@gmail.com','6897717785','TP-1'),
('AlansonButtrey@gmail.com','9442239081','TP-2'),
('AlaricDebrick@gmail.com','9373225841','TP-1'),
('AlaricKeedy@gmail.com','1463196279','TP-1'),
('AlasterBorell@gmail.com','8953967671','TP-2'),
('AlayneColling@gmail.com','6334147443','TP-2'),
('AlbertoIzaks@gmail.com','9451578054','TP-1'),
('AlbertoMayell@gmail.com','5280155081','TP-1'),
('AlbertoNaughton@gmail.com','9458542289','TP-2'),
('AlbiePetegre@gmail.com','9911430125','TP-1'),
('AlfBalnave@gmail.com','8721643619','TP-1'),
('AlfDavidovich@gmail.com','3571082349','TP-1'),
('AlissaBeetles@gmail.com','1168808556','TP-1'),
('AllianoraEgginton@gmail.com','9341554710','TP-2'),
('AllisterMcCandless@gmail.com','8182001430','TP-1'),
('AllisterPierro@gmail.com','4331107052','TP-2'),
('AllistirAdacot@gmail.com','4051014783','TP-1'),
('AlonzoMertsching@gmail.com','5436382190','TP-1'),
('AlvinaCharlon@gmail.com','4934751268','TP-1'),
('AlvinaMcBrady@gmail.com','6615672140','TP-1'),
('AlyssaPiens@gmail.com','7638598330','TP-1'),
('AmalieGavaghan@gmail.com','1679792332','TP-2'),
('AmbrosiGilhooley@gmail.com','6519334224','TP-1'),
('AmbrosiHanton@gmail.com','5866036357','TP-1'),
('AmbrosiShearn@gmail.com','4854400432','TP-1'),
('AmbrosiusBuston@gmail.com','5962152930','TP-2'),
('AmbrosiusSheriff@gmail.com','8970401994','TP-1'),
('AmityDumphries@gmail.com','3157307246','TP-1'),
('AmosForsdike@gmail.com','6230608762','TP-2'),
('AmosKiln@gmail.com','6729616235','TP-1'),
('AmyeTenny@gmail.com','2910102363','TP-1'),
('AngeFidelli@gmail.com','5320037295','TP-2'),
('AngeFlips@gmail.com','7989722065','TP-2'),
('AngeliBridywater@gmail.com','5426147866','TP-2'),
('AngeliTampion@gmail.com','9297152732','TP-1'),
('AnnabalBeswetherick@gmail.com','7719618139','TP-2'),
('AnnettaFruchter@gmail.com','4893075708','TP-2'),
('AntoniDrummer@gmail.com','1601783884','TP-1'),
('AnyBridewell@gmail.com','2020313863','TP-1'),
('AnyDible@gmail.com','7217187356','TP-1'),
('AnyKellaway@gmail.com','5364975840','TP-2'),
('AnyKitman@gmail.com','3149607681','TP-2'),
('ApriletteBartalot@gmail.com','4620269597','TP-2'),
('ApriletteMcCauley@gmail.com','4978473074','TP-1'),
('AraPattisson@gmail.com','6157295692','TP-2'),
('AraPenwright@gmail.com','2288712807','TP-2'),
('ArchyCrayden@gmail.com','2413153872','TP-1'),
('ArchyHayball@gmail.com','6969458426','TP-2'),
('ArchyJewel@gmail.com','9861972560','TP-1'),
('ArchyMathely@gmail.com','3169385809','TP-2'),
('ArchySchollar@gmail.com','5814921223','TP-2'),
('ArchySidery@gmail.com','7847571760','TP-1'),
('ArchyTurpie@gmail.com','6187021958','TP-1'),
('ArinKeedy@gmail.com','6224125084','TP-2'),
('ArlyneEusden@gmail.com','6472506170','TP-2'),
('ArlyneGaylard@gmail.com','5496860676','TP-2'),
('ArnaldoOlifaunt@gmail.com','8286764830','TP-1'),
('ArnaldoPellatt@gmail.com','9331457337','TP-1'),
('AshiaEdens@gmail.com','3994910496','TP-2'),
('AshiaSimkovich@gmail.com','5732400768','TP-1'),
('AshlenWalhedd@gmail.com','7267671915','TP-1'),
('AugustinStuddal@gmail.com','2217810583','TP-2'),
('AvromChatterton@gmail.com','6534496469','TP-1'),
('AxRowntree@gmail.com','7363136189','TP-2'),
('AylmarJagg@gmail.com','9197249827','TP-1'),
('BailieBrandom@gmail.com','5827128673','TP-1'),
('BarneyBridewell@gmail.com','3629004527','TP-2'),
('BartholomeoBalfe@gmail.com','3283624800','TP-1'),
('BartholomeoBuston@gmail.com','3973625591','TP-1'),
('BartramLackney@gmail.com','1313659169','TP-1'),
('BaryFidelli@gmail.com','3374716929','TP-2'),
('BaryramEversfield@gmail.com','1947512118','TP-1'),
('BasilioCanadas@gmail.com','7830214540','TP-2'),
('BasilioLoblie@gmail.com','9808722576','TP-2'),
('BasilNewbury@gmail.com','4657990850','TP-2'),
('BatholomewGladstone@gmail.com','4804075912','TP-1'),
('BatholomewNowill@gmail.com','2579912663','TP-1'),
('BaxterDumphries@gmail.com','1624080773','TP-2'),
('BaxterGerretsen@gmail.com','5948490297','TP-1'),
('BaxWingrove@gmail.com','6411391438','TP-2'),
('BayGambles@gmail.com','5101453534','TP-2'),
('BeatriceBrugh@gmail.com','6385619020','TP-2'),
('BeatriceFoxten@gmail.com','3034723145','TP-2'),
('BeatriceScobbie@gmail.com','8488731583','TP-2'),
('BenedettoGollop@gmail.com','7483711508','TP-2'),
('BennyForsdike@gmail.com','6882629817','TP-2'),
('BerkeleyJoicey@gmail.com','1708615561','TP-1'),
('BertieFarncombe@gmail.com','8163107067','TP-2'),
('BertieOrnillos@gmail.com','4622306074','TP-2'),
('BertinaDawtry@gmail.com','9978094517','TP-1'),
('BertinaFerrulli@gmail.com','9651512256','TP-2'),
('BertinaMadison@gmail.com','4285905675','TP-1'),
('BevanAdshede@gmail.com','8313410983','TP-2'),
('BevanSansam@gmail.com','6289209293','TP-1'),
('BiddyOakden@gmail.com','9650410878','TP-2'),
('BiddyTraylen@gmail.com','2505629948','TP-2'),
('BillyStrognell@gmail.com','4694692017','TP-2'),
('BlytheLynock@gmail.com','8932526521','TP-2'),
('BlytheTop@gmail.com','8638321778','TP-2'),
('BoigieSorrie@gmail.com','2579924057','TP-2'),
('BondieCunde@gmail.com','9602080152','TP-1'),
('BondieDuly@gmail.com','5888110457','TP-2'),
('BondieFlannigan@gmail.com','2345411405','TP-1'),
('BondieSowman@gmail.com','7311466948','TP-1'),
('BonneeYeates@gmail.com','6755910523','TP-1'),
('BordBanham@gmail.com','1742664507','TP-1'),
('BordBottrill@gmail.com','5134591534','TP-2'),
('BorisCatterick@gmail.com','4298257072','TP-2'),
('BranBullman@gmail.com','8838765679','TP-1'),
('BranCain@gmail.com','1667233285','TP-1'),
('BrandDAlesio@gmail.com','4476594701','TP-2'),
('BrandenWorg@gmail.com','5361524230','TP-1'),
('BrandIronmonger@gmail.com','3909924456','TP-2'),
('BrantMatushevich@gmail.com','4657605550','TP-1'),
('BrendenDuddy@gmail.com','9242746319','TP-2'),
('BrendenPlayhill@gmail.com','6585901593','TP-2'),
('BrianBettles@gmail.com','3521748794','TP-1'),
('BrianTaplow@gmail.com','7554041250','TP-1'),
('BridgetteGerretsen@gmail.com','4624144045','TP-1'),
('BroddieGerretsen@gmail.com','2663758070','TP-1'),
('BronnyAntonat@gmail.com','1952808668','TP-2'),
('BronnyCogzell@gmail.com','3971461464','TP-1'),
('BruisAlphonso@gmail.com','1202422772','TP-1'),
('BruisDigwood@gmail.com','3976509050','TP-1'),
('BrunhildeDeveril@gmail.com','8284877092','TP-1'),
('BrunhildeFrugier@gmail.com','1351726035','TP-1'),
('BuddBeetles@gmail.com','2676741587','TP-1'),
('BuddRoussel@gmail.com','2645606137','TP-1'),
('BurgessCaseley@gmail.com','5829755346','TP-1'),
('BurgessDurward@gmail.com','1507528268','TP-1'),
('BurgessFrossell@gmail.com','1633310130','TP-1'),
('BurtieBlumer@gmail.com','9531569070','TP-1'),
('BurtieFerrulli@gmail.com','6363440859','TP-1'),
('BurtieKonerding@gmail.com','7294481822','TP-1'),
('ByramButtrey@gmail.com','8240309005','TP-1'),
('ByrleDAlesio@gmail.com','9135212208','TP-1'),
('ByronCapstaff@gmail.com','7673398271','TP-1'),
('ByronOSheilds@gmail.com','8213448216','TP-1'),
('CalvinSmitham@gmail.com','8020608540','TP-1'),
('CammyBreazeall@gmail.com','4870316945','TP-1'),
('CareyAlphonso@gmail.com','5355677065','TP-1'),
('CareyKitchingman@gmail.com','3555936527','TP-1'),
('CarlaSibray@gmail.com','6556002590','TP-1'),
('CarlingDebrick@gmail.com','8828234431','TP-1'),
('CarlingJanicijevic@gmail.com','2168237417','TP-1'),
('CarmineDorow@gmail.com','9332555833','TP-1'),
('CarryLubeck@gmail.com','2026833484','TP-1'),
('CathyleenMochan@gmail.com','5101662028','TP-1'),
('CeceNote@gmail.com','3884020728','TP-1'),
('CecilyBagguley@gmail.com','1834811114','TP-1'),
('CecilyDudgeon@gmail.com','5478128448','TP-1'),
('CecilyMolineux@gmail.com','3330501371','TP-1'),
('CelisseWyson@gmail.com','8836469796','TP-1'),
('CelloJest@gmail.com','7011814260','TP-1'),
('CesaroFrusher@gmail.com','9457278903','TP-1'),
('ChaimTreasure@gmail.com','9881060223','TP-1'),
('ChanWilkins@gmail.com','7739452407','TP-1'),
('CharisMacKean@gmail.com','7110970119','TP-1'),
('CharisSchooley@gmail.com','5087067857','TP-1'),
('CharisSprigin@gmail.com','3591350369','TP-1'),
('CharmineAlthorpe@gmail.com','8423586739','TP-1'),
('CharminePadgett@gmail.com','6584765080','TP-1'),
('CherianneMcCandless@gmail.com','2472408327','TP-1'),
('ChiltonMcCullough@gmail.com','1132325430','TP-1'),
('ChloBrion@gmail.com','6407191144','TP-1'),
('ChloClitheroe@gmail.com','2238900050','TP-1'),
('ChristinaNelle@gmail.com','6259118020','TP-1'),
('CicelyEnrigo@gmail.com','6636455397','TP-1'),
('CicelyPenwright@gmail.com','4329484400','TP-1'),
('CicilyMcKiddin@gmail.com','4263847487','TP-1'),
('ClaranceDillimore@gmail.com','4778769548','TP-1'),
('ClaranceMartinek@gmail.com','8849086372','TP-1'),
('ClaretteGriswood@gmail.com','7567312552','TP-1'),
('ClarkeThomton@gmail.com','7281742420','TP-1'),
('ClaytonGenn@gmail.com','3215968197','TP-1'),
('ClaytonMaddison@gmail.com','7205449494','TP-1'),
('ClaytonPrickett@gmail.com','5354103246','TP-1'),
('ClemFilpo@gmail.com','5579239487','TP-1'),
('ClemmieGrout@gmail.com','5816554406','TP-1'),
('ClemmySturton@gmail.com','9397274293','TP-1'),
('CleoLesslie@gmail.com','1005948955','TP-1'),
('ClerissaEplett@gmail.com','5811894641','TP-1'),
('ClerissaLesper@gmail.com','5782932020','TP-1'),
('ClerissaMucklo@gmail.com','4365451088','TP-1'),
('CloeGrono@gmail.com','4504994389','TP-1'),
('CloeMaytom@gmail.com','2907273016','TP-1'),
('ColinBridewell@gmail.com','2535823318','TP-1'),
('CollieMochan@gmail.com','1123203714','TP-1'),
('ConFaloon@gmail.com','8038773345','TP-1'),
('ConstantinoVentham@gmail.com','7884584493','TP-1'),
('ConVakhrushin@gmail.com','4783651894','TP-1'),
('CoopPavlasek@gmail.com','5540737806','TP-1'),
('CorbetBrugh@gmail.com','2056353349','TP-1'),
('CorbetCanacott@gmail.com','2309076255','TP-1'),
('CorbetGriswood@gmail.com','3039656344','TP-1'),
('CorbetGriswood@gmail.com','7336246158','TP-1'),
('CorbetHousley@gmail.com','9988992577','TP-1'),
('CorbetKennerley@gmail.com','5811690103','TP-1'),
('CorbetRowth@gmail.com','3869510567','TP-1'),
('CorbetSulley@gmail.com','9743682150','TP-1'),
('CorbinEdgeley@gmail.com','8002752671','TP-1'),
('CorbinGiraths@gmail.com','7202222127','TP-1'),
('CordyCharleston@gmail.com','6268635574','TP-1'),
('CordyMarwood@gmail.com','7731829877','TP-1'),
('CreighKitman@gmail.com','9614170382','TP-1'),
('CrossWhitehead@gmail.com','3691686252','TP-1'),
('CullanCanacott@gmail.com','6418389371','TP-1'),
('CullanJoicey@gmail.com','2347977291','TP-1'),
('CyndyJosselson@gmail.com','7380861272','TP-1'),
('CyndySchollar@gmail.com','2797779171','TP-1'),
('DaelBraidwood@gmail.com','7859934421','TP-1'),
('DaelHaggath@gmail.com','2220256954','TP-1'),
('DaelMcKinless@gmail.com','6145809003','TP-1'),
('DaelSpeir@gmail.com','5494816002','TP-1'),
('DaiseyKinnerk@gmail.com','6254564313','TP-1'),
('DaiseyWadly@gmail.com','8121070587','TP-1'),
('DaleDigwood@gmail.com','6251827844','TP-1'),
('DaleEdson@gmail.com','1608758056','TP-1'),
('DaleQuartley@gmail.com','9283385618','TP-1'),
('DarbyFlips@gmail.com','2547437737','TP-1'),
('DarbyKitman@gmail.com','6499576887','TP-1'),
('DarcyAlphonso@gmail.com','1979027318','TP-1'),
('DarcyFeldberg@gmail.com','9721355375','TP-1'),
('DarcyPiens@gmail.com','7879181101','TP-1'),
('DarillKeedy@gmail.com','1240920450','TP-1'),
('DariusKopf@gmail.com','9695991016','TP-1'),
('DarrelAntonucci@gmail.com','3227482366','TP-1'),
('DarrelPhilo@gmail.com','1437669500','TP-1'),
('DarrickFarbrace@gmail.com','2115357558','TP-1'),
('DarrickFruchter@gmail.com','9641212325','TP-1'),
('DaviddeDAlesio@gmail.com','2373409349','TP-1'),
('DaviddeIannuzzi@gmail.com','7948057547','TP-1'),
('DavideSicily@gmail.com','4535934580','TP-1'),
('DavineFuentez@gmail.com','9073790749','TP-1'),
('DavineJex@gmail.com','4589347362','TP-1'),
('DavineMathely@gmail.com','9087245993','TP-1'),
('DavineMunehay@gmail.com','7844499055','TP-1'),
('DeanRodd@gmail.com','8691108841','TP-1'),
('DeanYeates@gmail.com','8458284341','TP-1'),
('DehliaDarnbrook@gmail.com','1052837042','TP-1'),
('DellKennady@gmail.com','8629442166','TP-1'),
('DellVaulkhard@gmail.com','6697436184','TP-1'),
('DemetrePittoli@gmail.com','1942575684','TP-1'),
('DemetreRustich@gmail.com','8201828579','TP-1'),
('DennetDawtry@gmail.com','2405021619','TP-1'),
('DennetGindghill@gmail.com','4190626568','TP-1'),
('DerekFarry@gmail.com','7144100908','TP-1'),
('DerekIronmonger@gmail.com','6745553998','TP-1'),
('DerekJennery@gmail.com','4505923185','TP-1'),
('DerekMellonby@gmail.com','1518012431','TP-1'),
('DermotMarwood@gmail.com','6415864423','TP-1'),
('DexDimnage@gmail.com','7848937064','TP-1'),
('DexGriswood@gmail.com','6249748529','TP-1'),
('DianeBailles@gmail.com','6561882277','TP-1'),
('DianeButtrey@gmail.com','3918791161','TP-1'),
('DickyParkins@gmail.com','6044642995','TP-1'),
('DickySpiniello@gmail.com','9313047762','TP-3'),
('DillyBalfe@gmail.com','3336505691','TP-1'),
('DinnyCool@gmail.com','8689285289','TP-1'),
('DioneCritchley@gmail.com','3464967683','TP-1'),
('DioneOwlner@gmail.com','2186397878','TP-1'),
('DioneStroton@gmail.com','5208784890','TP-1'),
('DitaBiddy@gmail.com','2564692529','TP-1'),
('DitaHolson@gmail.com','4909888310','TP-1'),
('DitaTumielli@gmail.com','1408689751','TP-1'),
('DominicMaud@gmail.com','8569275945','TP-1'),
('DominicRackstraw@gmail.com','1058128071','TP-1'),
('DominicRisson@gmail.com','1803670610','TP-1'),
('DominicSyrad@gmail.com','8953697501','TP-1'),
('DonaIveagh@gmail.com','6888119011','TP-1'),
('DonaltBeswetherick@gmail.com','5215979840','TP-1'),
('DonaltDumphy@gmail.com','3417886152','TP-1'),
('DonnieBlazewicz@gmail.com','7093637720','TP-1'),
('DonnieGavaghan@gmail.com','7280257772','TP-1'),
('DonnieMertsching@gmail.com','5586117652','TP-1'),
('DoreAnfossi@gmail.com','4931122427','TP-1'),
('DorineDudgeon@gmail.com','4988054053','TP-1'),
('DorryJakab@gmail.com','7162301430','TP-1'),
('DorryJorin@gmail.com','6255503361','TP-1'),
('DorryReichelt@gmail.com','1348303338','TP-1'),
('DoryFullerton@gmail.com','3633846595','TP-1'),
('DougyFrankland@gmail.com','3740304272','TP-1'),
('DougyMathers@gmail.com','7585410465','TP-1'),
('DougyRodd@gmail.com','7873893516','TP-1'),
('DrediBlase@gmail.com','8124060598','TP-1'),
('DruciWorpole@gmail.com','4698006930','TP-1'),
('DuffMoulds@gmail.com','6093418175','TP-1'),
('DugaldAsp@gmail.com','9032460035','TP-1'),
('DuranteFrugier@gmail.com','2349914285','TP-1'),
('EarlieRothwell@gmail.com','9974983332','TP-1'),
('EarthaBiddlestone@gmail.com','3337137580','TP-1'),
('EarthaTarrier@gmail.com','8698541340','TP-1'),
('EddieGorgen@gmail.com','6769378402','TP-1'),
('EdiCarik@gmail.com','4010532933','TP-1'),
('EdouardSipson@gmail.com','9041015311','TP-1'),
('EdouardThomton@gmail.com','5646326840','TP-1'),
('EdvardBerthe@gmail.com','3965773722','TP-1'),
('EdvardReichelt@gmail.com','5795493723','TP-1'),
('EdvardTemprell@gmail.com','2862209067','TP-1'),
('EffieBurbage@gmail.com','2497814972','TP-1'),
('EfrenActon@gmail.com','1854162615','TP-1'),
('EldridgeCello@gmail.com','7163606180','TP-1'),
('ElfieHunnaball@gmail.com','6883670808','TP-1'),
('ElfieReaper@gmail.com','6573385762','TP-1'),
('EliasOwlner@gmail.com','9885052058','TP-1'),
('EliotBrandom@gmail.com','3211645711','TP-1'),
('EliotEagleton@gmail.com','1488946771','TP-1'),
('EliotGrassi@gmail.com','4748733216','TP-1'),
('ElizabethDalliwater@gmail.com','3591251277','TP-1'),
('ElizabethDevanney@gmail.com','5010414269','TP-1'),
('ElizabethHarrington@gmail.com','4670951598','TP-1'),
('ElizabethInnott@gmail.com','4021720704','TP-1'),
('EllaryEdens@gmail.com','7239418091','TP-1'),
('EllaryFrusher@gmail.com','8882092561','TP-1'),
('EllaryMcKiddin@gmail.com','1690543205','TP-1'),
('ElsiJagg@gmail.com','1581146983','TP-1'),
('ElveraBasley@gmail.com','4208696892','TP-1'),
('ElwynRobbe@gmail.com','1265370295','TP-1'),
('EmilioLaba@gmail.com','8425694177','TP-1'),
('EmmitPitcher@gmail.com','6129337883','TP-1'),
('EranKivell@gmail.com','1800704265','TP-1'),
('EranShawel@gmail.com','7448311761','TP-1'),
('ErhartYeates@gmail.com','7007789798','TP-1'),
('ErickBartlomieczak@gmail.com','2363272970','TP-1'),
('ErikCain@gmail.com','7755971163','TP-1'),
('ErminAndrzejak@gmail.com','8868402424','TP-1'),
('ErnestChoulerton@gmail.com','1559427679','TP-1'),
('ErnestMathely@gmail.com','4508191323','TP-1'),
('ErnestTwiddell@gmail.com','7272140468','TP-1'),
('EstevanGarrod@gmail.com','9268200721','TP-1'),
('EtanAttersoll@gmail.com','9854870033','TP-1'),
('EtanFlecknell@gmail.com','9513166814','TP-1'),
('EtanNudde@gmail.com','3846255547','TP-1'),
('EthanAymeric@gmail.com','4910021389','TP-1'),
('EthanBonder@gmail.com','9275122220','TP-1'),
('EthelbertBenezet@gmail.com','1890385061','TP-1'),
('EthelbertKield@gmail.com','6061754305','TP-1'),
('EthelNorsister@gmail.com','9806420941','TP-1'),
('EthelOScanlan@gmail.com','1779831873','TP-1'),
('EvelineTsarovic@gmail.com','8849531184','TP-1'),
('EveyFranzini@gmail.com','7310563922','TP-1'),
('EveyGiraths@gmail.com','5716010893','TP-1'),
('EwenBracer@gmail.com','1902856884','TP-1'),
('EzequielBothram@gmail.com','6819107285','TP-1'),
('EzequielGrise@gmail.com','7722677747','TP-1'),
('FabienFugere@gmail.com','3410860032','TP-1'),
('FabienHolson@gmail.com','7613873852','TP-1'),
('FairDodson@gmail.com','4085999291','TP-1'),
('FaniaGenn@gmail.com','4488932956','TP-1'),
('FaniaHouse@gmail.com','1465199692','TP-1'),
('FarleeFerreras@gmail.com','2312389505','TP-1'),
('FarrellFidelli@gmail.com','3362642572','TP-1'),
('FarrellPetraitis@gmail.com','5950368398','TP-1'),
('FarrellRispin@gmail.com','2029041081','TP-1'),
('FaxJuniper@gmail.com','5503031526','TP-1'),
('FedoraWrassell@gmail.com','2735602745','TP-1'),
('FidelRobker@gmail.com','2582854045','TP-1'),
('FilberteIvachyov@gmail.com','9940086978','TP-1'),
('FlintNorsister@gmail.com','9874624156','TP-1'),
('FloryArboine@gmail.com','8402951460','TP-1'),
('FloryCary@gmail.com','2987846881','TP-1'),
('FloryDorow@gmail.com','3178908304','TP-1'),
('FloryIveagh@gmail.com','7242557685','TP-1'),
('FloryMcCrostie@gmail.com','9241979279','TP-1'),
('FlorySalkeld@gmail.com','7021404533','TP-1'),
('ForestGerhardt@gmail.com','1264990741','TP-1'),
('ForrestTurpie@gmail.com','1824611527','TP-1'),
('FrancescoChildren@gmail.com','9192508477','TP-1'),
('FranIzaks@gmail.com','1056272874','TP-1'),
('FrankyGaliero@gmail.com','5620897164','TP-1'),
('FraserGonin@gmail.com','8480963255','TP-1'),
('FraserRemer@gmail.com','5034523390','TP-1'),
('FraserRollason@gmail.com','6999595374','TP-1'),
('FrasquitoDelacroux@gmail.com','7773421355','TP-1'),
('FrederigoBeswetherick@gmail.co','5126425147','TP-1'),
('FrederigoNanni@gmail.com','7318650427','TP-1'),
('FreeKennady@gmail.com','5866314858','TP-1'),
('FreePope@gmail.com','2184120516','TP-1'),
('FultonParton@gmail.com','3865226606','TP-1'),
('GabieDoubleday@gmail.com','4033265083','TP-1'),
('GabieGrave@gmail.com','4660649521','TP-1'),
('GabiLumsdale@gmail.com','9483591857','TP-1'),
('GalenGilhooley@gmail.com','6621784769','TP-1'),
('GalvenIlyenko@gmail.com','5126531215','TP-1'),
('GalvenStrognell@gmail.com','6991303021','TP-1'),
('GardnerMacGarvey@gmail.com','1694234458','TP-1'),
('GarveyGallimore@gmail.com','3522802785','TP-1'),
('GarveyMiranda@gmail.com','5421499222','TP-1'),
('GarveySprey@gmail.com','6676559997','TP-1'),
('GarveyWhitehead@gmail.com','5993050549','TP-1'),
('GarwinBiasini@gmail.com','9318383189','TP-1'),
('GarwinKennerley@gmail.com','4927181633','TP-1'),
('GarwinTraylen@gmail.com','8428692262','TP-1'),
('GayCrump@gmail.com','3386265012','TP-1'),
('GaylerCatterick@gmail.com','1725120951','TP-1'),
('GaylerNeville@gmail.com','7105071982','TP-1'),
('GaylerVon Brook@gmail.com','2248071616','TP-1'),
('GayPierro@gmail.com','2188284812','TP-1'),
('GeneMatushevich@gmail.com','3135432170','TP-1'),
('GeneVakhrushin@gmail.com','3151169855','TP-1'),
('GenoDebrick@gmail.com','3279344441','TP-1'),
('GenoDrewry@gmail.com','3444963478','TP-1'),
('GermainZealander@gmail.com','9240324544','TP-1'),
('GerrySalkeld@gmail.com','5004218745','TP-1'),
('GertrudisReichelt@gmail.com','3454805544','TP-1'),
('GiffyDalwood@gmail.com','8771345932','TP-1'),
('GiffyDavioud@gmail.com','2426522583','TP-1'),
('GinoCassam@gmail.com','2404707846','TP-1'),
('GiustinaTampion@gmail.com','1176722804','TP-1'),
('GiustoStrognell@gmail.com','8937451863','TP-1'),
('GlynnMatushevich@gmail.com','3898834059','TP-1'),
('GodfryChappell@gmail.com','7819861009','TP-1'),
('GodfryFoakes@gmail.com','3413992402','TP-1'),
('GodfryLudlem@gmail.com','6226518125','TP-1'),
('GodwinBaldick@gmail.com','6719320774','TP-1'),
('GodwinPiens@gmail.com','8542873522','TP-1'),
('GordenBuessen@gmail.com','4158982781','TP-1'),
('GradySharpling@gmail.com','4560672293','TP-1'),
('GraemeTaplow@gmail.com','2909340930','TP-1'),
('GranthemBroady@gmail.com','7139975119','TP-1'),
('GranthemLies@gmail.com','4252460711','TP-1'),
('GregSmaridge@gmail.com','5583797780','TP-1'),
('GriffithPercifull@gmail.com','2238781407','TP-1'),
('GriswoldDAlesio@gmail.com','2381630411','TP-1'),
('GriswoldTroake@gmail.com','9513286309','TP-1'),
('GroverBlumer@gmail.com','2730400480','TP-1'),
('GroverFruchter@gmail.com','1540881565','TP-1'),
('GroverHanratty@gmail.com','4984847308','TP-1'),
('GunBeetles@gmail.com','8337956908','TP-1'),
('GunColchett@gmail.com','2228047401','TP-1'),
('GunDoll@gmail.com','2303419062','TP-1'),
('GunSwane@gmail.com','2378363883','TP-1'),
('GunTreasure@gmail.com','2092463899','TP-1'),
('GustafFoxten@gmail.com','2495441462','TP-1'),
('HagenWorpole@gmail.com','5988640911','TP-1'),
('HalsyCzajka@gmail.com','8685778020','TP-1'),
('HammadJagg@gmail.com','2668150463','TP-1'),
('HammadKnifton@gmail.com','5561911265','TP-1'),
('HammadPellatt@gmail.com','4197011875','TP-1'),
('HannahBurchard@gmail.com','2313839270','TP-1'),
('HarmonieBydaway@gmail.com','5519360535','TP-1'),
('HarmoniePlayhill@gmail.com','2328430202','TP-1'),
('HarwellBandt@gmail.com','9966631711','TP-1'),
('HaywardHallaways@gmail.com','3011300849','TP-1'),
('HectorBoynton@gmail.com','9096269194','TP-1'),
('HectorWard@gmail.com','1319164569','TP-1'),
('HeindrickFlight@gmail.com','2869761064','TP-1'),
('HeindrickFlight2@gmail.com','4561021652','TP-1'),
('Helen-elizabethSullivan@gmail.','7803847462','TP-1'),
('HendersonDarnbrook@gmail.com','2247891713','TP-1'),
('HendersonMcCauley@gmail.com','3802746394','TP-1'),
('HerveyDoubleday@gmail.com','2055869167','TP-1'),
('HerveyKonerding@gmail.com','9489904431','TP-1'),
('HestherBreede@gmail.com','7343196739','TP-1'),
('HeweAllsep@gmail.com','7468935626','TP-1'),
('HeweHallad@gmail.com','2830073416','TP-1'),
('HeweHalpine@gmail.com','7700848018','TP-1'),
('HewetBagguley@gmail.com','3208398537','TP-1'),
('HewetBehr@gmail.com','8806491126','TP-1'),
('HewetPattisson@gmail.com','2801323450','TP-1'),
('HewetSchultze@gmail.com','8483330660','TP-1'),
('HildagardBendixen@gmail.com','6197797324','TP-1'),
('HildagardTamburo@gmail.com','2093078334','TP-1'),
('HollisGarrod@gmail.com','3624183389','TP-1'),
('HollisMorratt@gmail.com','7772255507','TP-1'),
('HomereEnrigo@gmail.com','7180253402','TP-1'),
('HomereHavik@gmail.com','3011231264','TP-1'),
('HortenseDimnage@gmail.com','2563692291','TP-1'),
('HortenseOkenden@gmail.com','7922080842','TP-1'),
('HortenseSmales@gmail.com','7197496389','TP-1'),
('HortonDupree@gmail.com','4048292730','TP-1'),
('HoytBagnal@gmail.com','9485945563','TP-1'),
('HumfridKeig@gmail.com','9778542002','TP-1'),
('HumphreyDuddy@gmail.com','9705230658','TP-1'),
('HumphreyFilpo@gmail.com','3483948278','TP-1'),
('HumphreyKiln@gmail.com','4815618359','TP-1'),
('HumphreyYoodall@gmail.com','6310836528','TP-1'),
('HuntBrobyn@gmail.com','2169992482','TP-1'),
('HusseinBoynton@gmail.com','8604071452','TP-1'),
('HusseinCoenraets@gmail.com','7940706815','TP-1'),
('HusseinMarchi@gmail.com','9388474468','TP-1'),
('HyacinthiaIvachyov@gmail.com','5876766770','TP-1'),
('HyacinthiaLubeck@gmail.com','3280198039','TP-1'),
('HyacinthiaMalatalant@gmail.com','4132100300','TP-1'),
('HyacinthiaParoni@gmail.com','4392685741','TP-1'),
('IgnaciusStrowger@gmail.com','7631547434','TP-1'),
('ImogeneStroton@gmail.com','3175171767','TP-1'),
('IngramItzcovich@gmail.com','9338369526','TP-1'),
('IrvinePetraitis@gmail.com','6327004745','TP-1'),
('IsaiahDavidovich@gmail.com','6342012789','TP-1'),
('IsidoroBridywater@gmail.com','4843198278','TP-1'),
('IsraelAdshede@gmail.com','1517203551','TP-1'),
('IsraelNoraway@gmail.com','6731989420','TP-1'),
('IsraelTrahmel@gmail.com','1465488854','TP-1'),
('IssiCanacott@gmail.com','2747551255','TP-1'),
('IvorIronmonger@gmail.com','5090568384','TP-1'),
('JacquelinPuddicombe@gmail.com','8848314608','TP-1'),
('JamieAdshede@gmail.com','4064535181','TP-1'),
('JamieJagg@gmail.com','7123417437','TP-1'),
('JamieOakden@gmail.com','4309855005','TP-1'),
('JanelaLeivesley@gmail.com','1417126007','TP-1'),
('JanennaLeivesley@gmail.com','9140681441','TP-1'),
('JaradBrauner@gmail.com','8185782509','TP-1'),
('JarebSpearman@gmail.com','6409418410','TP-1'),
('JaribEskrigg@gmail.com','2075975878','TP-1'),
('JarretMoyse@gmail.com','7348426220','TP-1'),
('JasonGroundwater@gmail.com','3929140558','TP-1'),
('JaymieMucklo@gmail.com','5543117168','TP-1'),
('JeddyChaffen@gmail.com','5190066571','TP-1'),
('JeddyTop@gmail.com','6478558907','TP-1'),
('JerrieLamswood@gmail.com','5349957809','TP-1'),
('JerrileeSchooley@gmail.com','8021522866','TP-1'),
('JesseeVassel@gmail.com','5292681804','TP-1'),
('JesseyEdson@gmail.com','8387189874','TP-1'),
('JesseySprigin@gmail.com','1175843326','TP-1'),
('JessieFrusher@gmail.com','9789010339','TP-1'),
('JessieWade@gmail.com','9924551417','TP-1'),
('JessyKnifton@gmail.com','8004003495','TP-1'),
('JilliBrion@gmail.com','2368684286','TP-1'),
('JillyAntal@gmail.com','1005936132','TP-1'),
('JoelBellhouse@gmail.com','1260120741','TP-1'),
('JoelBroady@gmail.com','4273225543','TP-1'),
('JoelCogzell@gmail.com','1086190438','TP-1'),
('JoellynGrout@gmail.com','8585068616','TP-1'),
('JohannRaulston@gmail.com','7627488007','TP-1'),
('JoneCain@gmail.com','3668202860','TP-1'),
('JosselynFoard@gmail.com','8643623143','TP-1'),
('JosselynSimkin@gmail.com','6495162322','TP-1'),
('JuanAndrzejak@gmail.com','3224985055','TP-1'),
('JuanJakab@gmail.com','1371243249','TP-1'),
('JuddDoll@gmail.com','8684619751','TP-1'),
('JulioWalhedd@gmail.com','2616156775','TP-1'),
('JustisOLynn@gmail.com','1957410472','TP-1'),
('KaineDarwood@gmail.com','7438446643','TP-1'),
('KaineFelix@gmail.com','6509118114','TP-1'),
('KalvinAhmad@gmail.com','1842026404','TP-1'),
('KaraStellin@gmail.com','1278095628','TP-1'),
('KarelHolson@gmail.com','8324741360','TP-1'),
('KarieShearn@gmail.com','3401419599','TP-1'),
('KarleeCzapla@gmail.com','3245788491','TP-1'),
('KathiBenny@gmail.com','8104045116','TP-1'),
('KathiCrum@gmail.com','3985739986','TP-1'),
('KatuschaYashin@gmail.com','1742840866','TP-1'),
('KatushaAdacot@gmail.com','9916628560','TP-1'),
('KeaneDe Gogay@gmail.com','1117663269','TP-1'),
('KeaneDebrick@gmail.com','7784845269','TP-1'),
('KeaneOLynn@gmail.com','2681180710','TP-1'),
('KeelbyOHern@gmail.com','6158320981','TP-1'),
('KellenNicolson@gmail.com','4873074149','TP-1'),
('KellenSpataro@gmail.com','4862176223','TP-1'),
('KelleyBeetles@gmail.com','8603803531','TP-1'),
('KennanTrunby@gmail.com','3251624393','TP-1'),
('KienanAnnesley@gmail.com','5557996726','TP-1'),
('KienanCordall@gmail.com','7038044290','TP-1'),
('KienanDrains@gmail.com','6227959521','TP-1'),
('KillieCarik@gmail.com','3496799470','TP-1'),
('KimbellHillum@gmail.com','8498809286','TP-1'),
('KimbleBeswetherick@gmail.com','3520649515','TP-1'),
('KimblePersse@gmail.com','9449037889','TP-1'),
('KinnaDey@gmail.com','2681977342','TP-1'),
('KinnaDuddy@gmail.com','4278305961','TP-1'),
('KinsleyCary@gmail.com','5656536603','TP-1'),
('KinsleyMellonby@gmail.com','8621963087','TP-1'),
('KipFessler@gmail.com','4672408329','TP-1'),
('KipPavlasek@gmail.com','2681928923','TP-1'),
('KoenraadPostans@gmail.com','4209764226','TP-1'),
('KrisBroomhead@gmail.com','1265643002','TP-1'),
('KrisIronmonger@gmail.com','2998831137','TP-1'),
('KristoMercik@gmail.com','4119467001','TP-1'),
('KristynSyrad@gmail.com','9812693378','TP-1'),
('KyDuly@gmail.com','8174146637','TP-1'),
('KylaBenbough@gmail.com','3626126169','TP-1'),
('KySulley@gmail.com','4601682385','TP-1'),
('LanceHubatsch@gmail.com','5119872997','TP-1'),
('LanceLuxon@gmail.com','4977055883','TP-1'),
('LanceMcCafferty@gmail.com','9158890600','TP-1'),
('LaneSalkeld@gmail.com','6730320878','TP-1'),
('LaneWapples@gmail.com','2154383882','TP-1'),
('LaraineBrion@gmail.com','9191692695','TP-1'),
('LaraineMertsching@gmail.com','1377666992','TP-1'),
('LarisaGenn@gmail.com','2903315187','TP-1'),
('LavinieVassano@gmail.com','3637338226','TP-1'),
('LedaTreasure@gmail.com','9428185229','TP-1'),
('LeonHavik@gmail.com','6879044403','TP-1'),
('LeroyBerthe@gmail.com','6369284008','TP-1'),
('LetaSmaridge@gmail.com','6203487255','TP-1'),
('LewesFarra@gmail.com','3754563870','TP-1'),
('LewesTenny@gmail.com','3843157314','TP-1'),
('LiamAiskovitch@gmail.com','5162670188','TP-1'),
('LiamKennady@gmail.com','9618957228','TP-1'),
('LibbiDarnbrook@gmail.com','8923568080','TP-3'),
('LiliaBeetles@gmail.com','4908080205','TP-1'),
('LincolnGaspard@gmail.com','9309989398','TP-1'),
('LincolnLaba@gmail.com','4053649131','TP-1'),
('LindaAntal@gmail.com','4624134251','TP-1'),
('LindaLeipold@gmail.com','4821315119','TP-1'),
('LindsayBlaxter@gmail.com','3449748034','TP-1'),
('LivyCooper@gmail.com','5868625300','TP-1'),
('LonnieMcBrady@gmail.com','8939436832','TP-1'),
('LonnyMuncer@gmail.com','5074265330','TP-1'),
('LonnyMutimer@gmail.com','1422884577','TP-1'),
('LonnyNorsister@gmail.com','8761218062','TP-1'),
('LorenGiffard@gmail.com','4615398928','TP-1'),
('LorenKelinge@gmail.com','1626054146','TP-1'),
('LorilynBlase@gmail.com','2631739903','TP-1'),
('LorryCorradetti@gmail.com','8565114885','TP-1'),
('LorryFrugier@gmail.com','6811491700','TP-1'),
('LucienSly@gmail.com','1519111060','TP-1'),
('LucitaAldrich@gmail.com','2127183462','TP-1'),
('LucitaJakubovicz@gmail.com','7751866025','TP-1'),
('LuzBernaldo@gmail.com','8220265156','TP-1'),
('LuzChattell@gmail.com','2442311031','TP-1'),
('LyleGrono@gmail.com','1629431064','TP-1'),
('MableFoxten@gmail.com','4285893340','TP-1'),
('MackBreazeall@gmail.com','1848521745','TP-1'),
('MackBrugh@gmail.com','8932508344','TP-1'),
('MackRodd@gmail.com','8659188110','TP-1'),
('MaddyVan Merwe@gmail.com','9782625072','TP-1'),
('MadisonEdens@gmail.com','3539058437','TP-1'),
('MaggieCoenraets@gmail.com','8807544475','TP-1'),
('MaggieFaughny@gmail.com','3481817590','TP-1'),
('MaireGypson@gmail.com','3107292112','TP-1'),
('MairScudder@gmail.com','1503980030','TP-1'),
('MandyVlasov@gmail.com','8267234794','TP-1'),
('MarchelleBorell@gmail.com','2186130890','TP-1'),
('MarDyne@gmail.com','7473452242','TP-1'),
('MargeryButtrey@gmail.com','3351119780','TP-1'),
('MargeryPardie@gmail.com','2161872053','TP-1'),
('MargeryParton@gmail.com','6188753966','TP-1'),
('MargeryRobbe@gmail.com','6592268400','TP-1'),
('MargeryRossbrooke@gmail.com','8551333473','TP-1'),
('MariquillaSkinner@gmail.com','2578559778','TP-1'),
('MarshalBrion@gmail.com','8432267066','TP-1'),
('MartelleWoollaston@gmail.com','5119874332','TP-1'),
('MarvinBailles@gmail.com','2031528722','TP-1'),
('MarvinChappell@gmail.com','4636021345','TP-1'),
('MarvinScowcroft@gmail.com','4464108125','TP-1'),
('MarvinTomek@gmail.com','1798697221','TP-1'),
('MarwinParoni@gmail.com','9401127054','TP-1'),
('MaryleeBottrill@gmail.com','9983075355','TP-1'),
('MaryleeJex@gmail.com','6468689659','TP-1'),
('MaryleeKienl@gmail.com','1539251325','TP-1'),
('MaryleePaulino@gmail.com','4072517061','TP-1'),
('MatiasJoseff@gmail.com','7263139039','TP-1'),
('MatiasValentetti@gmail.com','9990372669','TP-1'),
('MatteoPellatt@gmail.com','7797682648','TP-1'),
('MatteoTemprell@gmail.com','5510918671','TP-1'),
('MaurieMiranda@gmail.com','5929305986','TP-1'),
('MaurieOScanlan@gmail.com','2442274183','TP-1'),
('MauriseRhodef@gmail.com','1059228966','TP-1'),
('MauryBridewell@gmail.com','9084700193','TP-1'),
('MauryCoogan@gmail.com','8588831439','TP-1'),
('MaximoBuessen@gmail.com','2095227901','TP-1'),
('MaximoReichelt@gmail.com','1704156781','TP-1'),
('MaximoStronghill@gmail.com','3809663068','TP-1'),
('MaximoWhylie@gmail.com','4741591925','TP-1'),
('MaxwellCornier@gmail.com','8266815364','TP-1'),
('MaxwellJedrzaszkiewicz@gmail.c','3453694025','TP-1'),
('MayorVakhrushin@gmail.com','6713079096','TP-1'),
('MelisentTevelov@gmail.com','9807253178','TP-1'),
('MelitaWasiela@gmail.com','2143308415','TP-1'),
('MelosaDyne@gmail.com','6867950216','TP-1'),
('MelosaFreckelton@gmail.com','5255564103','TP-1'),
('MerellRossbrooke@gmail.com','1812825137','TP-1'),
('MerellSprigin@gmail.com','4240203963','TP-1'),
('MerleMathely@gmail.com','5627009320','TP-1'),
('MerrelPachmann@gmail.com','5571247579','TP-1'),
('MerrelSansam@gmail.com','6021387670','TP-1'),
('MickieMapson@gmail.com','8918157933','TP-1'),
('MilesBazeley@gmail.com','9873106217','TP-1'),
('MinerBirdsall@gmail.com','8719834940','TP-1'),
('MinerSimonaitis@gmail.com','6286483118','TP-1'),
('MinnieDrains@gmail.com','7940977729','TP-1'),
('MinnySkupinski@gmail.com','4061645673','TP-1'),
('MitchaelScobbie@gmail.com','5290103467','TP-1'),
('MitchaelWittrington@gmail.com','6047102757','TP-1'),
('MitchelShoute@gmail.com','5611959428','TP-1'),
('MitchelStrowger@gmail.com','3886274938','TP-1'),
('MitchHubatsch@gmail.com','4661793534','TP-1'),
('MohandasJest@gmail.com','5266905635','TP-1'),
('MoiseDupree@gmail.com','9645020704','TP-1'),
('MoiseNeville@gmail.com','2710593870','TP-1'),
('MontiMertsching@gmail.com','1759767532','TP-1'),
('MorryWapples@gmail.com','1297899072','TP-1'),
('MossShrieve@gmail.com','1389320871','TP-1'),
('MunroeColclough@gmail.com','3767994466','TP-1'),
('MurrayChoulerton@gmail.com','5937841434','TP-1'),
('NapCrisall@gmail.com','2863422264','TP-1'),
('NappyJacobowits@gmail.com','1436580468','TP-1'),
('NapVan Merwe@gmail.com','4582143100','TP-1'),
('NataleDrummer@gmail.com','7453739473','TP-1'),
('NatalGallimore@gmail.com','6097996115','TP-1'),
('NealeFoakes@gmail.com','1200294904','TP-1'),
('NewtonBracer@gmail.com','6193718661','TP-1'),
('NewtonCargill@gmail.com','7383334308','TP-1'),
('NickieDimnage@gmail.com','9193590983','TP-1'),
('NickolaiYglesias@gmail.com','2172005616','TP-1'),
('NilsNowill@gmail.com','2298127734','TP-1'),
('NissieEdmonds@gmail.com','3967513563','TP-1'),
('NissieMasse@gmail.com','1731512764','TP-1'),
('NoelLesslie@gmail.com','8939416894','TP-1'),
('NoeSharpling@gmail.com','5020801908','TP-1'),
('NoeWilkins@gmail.com','7638717511','TP-1'),
('NolanEusden@gmail.com','4401844341','TP-1'),
('NolanRoussel@gmail.com','6157247001','TP-1'),
('NolanTumielli@gmail.com','4624884715','TP-1'),
('NolanVassel@gmail.com','5271719754','TP-1'),
('NollyCordero@gmail.com','4712130859','TP-1'),
('NoniChaffen@gmail.com','2572635139','TP-1'),
('NoniMyles@gmail.com','6635039595','TP-1'),
('NormieLisciandro@gmail.com','1963847414','TP-1'),
('NorthropBalnave@gmail.com','5155760695','TP-1'),
('NorthropColclough@gmail.com','3655691150','TP-1'),
('OatesGrassi@gmail.com','8094218848','TP-1'),
('OatesPavlasek@gmail.com','1439559375','TP-1'),
('OdeyBasketter@gmail.com','1710461317','TP-1'),
('OdieAsel@gmail.com','5589189223','TP-1'),
('OdieMadison@gmail.com','6749154322','TP-1'),
('OdieShawel@gmail.com','4035423845','TP-1'),
('OdyDoubleday@gmail.com','6265069149','TP-1'),
('OdyLesper@gmail.com','6017988496','TP-1'),
('OdyLicciardello@gmail.com','5961883420','TP-1'),
('OllyFebvre@gmail.com','8697716632','TP-1'),
('OlwenBenbough@gmail.com','4465965822','TP-1'),
('OphelieDudgeon@gmail.com','7433319229','TP-1'),
('OrlandTreasure@gmail.com','6993579475','TP-1'),
('OrsaBrough@gmail.com','2490049595','TP-1'),
('OrsaOsgarby@gmail.com','6122179232','TP-1'),
('OrsaSpataro@gmail.com','5148679099','TP-1'),
('OrtonBailles@gmail.com','5487766703','TP-1'),
('OrtonBrauner@gmail.com','3189941160','TP-1'),
('OrvilleFranklen@gmail.com','2926880323','TP-1'),
('OzzyKelinge@gmail.com','5893004142','TP-1'),
('OzzyPere@gmail.com','2462834362','TP-1'),
('PackstonKennerley@gmail.com','7238420703','TP-1'),
('PadraigCzapla@gmail.com','4233431165','TP-1'),
('PamelaSpiniello@gmail.com','7082942488','TP-1'),
('PapagenoBrough@gmail.com','7608485694','TP-1'),
('PapagenoPitcher@gmail.com','1580051266','TP-1'),
('PatriziaCorradetti@gmail.com','5733345158','TP-1'),
('PaulaTraylen@gmail.com','8242188981','TP-1'),
('PepitoKorfmann@gmail.com','7611583517','TP-1'),
('PetronillaColling@gmail.com','1037182263','TP-1'),
('PhilipCello@gmail.com','9374045509','TP-1'),
('PhilipSouthcoat@gmail.com','6820672922','TP-1'),
('PhilJagg@gmail.com','1705902467','TP-1'),
('PhilSprigin@gmail.com','2018326154','TP-1'),
('PietrekCary@gmail.com','7206475973','TP-1'),
('PietrekLeat@gmail.com','3612424495','TP-1'),
('PiggyEagleton@gmail.com','8825302688','TP-1'),
('PiggyWilber@gmail.com','7587090109','TP-1'),
('PippoCritchley@gmail.com','8346813324','TP-1'),
('PortieLeat@gmail.com','3153484217','TP-1'),
('PortiePercifull@gmail.com','1862980435','TP-1'),
('PortieRustich@gmail.com','4227692433','TP-1'),
('PrentissIvachyov@gmail.com','1280127509','TP-1'),
('PrentissScobbie@gmail.com','3446430714','TP-1'),
('PrentissTarrier@gmail.com','6426620591','TP-1'),
('PrentissYashin@gmail.com','9308982544','TP-1'),
('PrincePibworth@gmail.com','5912842707','TP-1'),
('PrinzFissenden@gmail.com','9723996871','TP-1'),
('PrinzMoulds@gmail.com','1241883856','TP-1'),
('QuinlanAymeric@gmail.com','7539236824','TP-1'),
('QuinlanBlazewicz@gmail.com','1391651537','TP-1'),
('QuintusButtrey@gmail.com','4028477395','TP-1'),
('QuintusEagleton@gmail.com','9440675551','TP-1'),
('QuintusGresswood@gmail.com','4953282084','TP-1'),
('QuintusHaggath@gmail.com','5477388892','TP-1'),
('RabCargill@gmail.com','2286433454','TP-1'),
('RadHazelden@gmail.com','2585506158','TP-1'),
('RaimundoGrout@gmail.com','8154929227','TP-1'),
('RandieFidelli@gmail.com','7280248842','TP-1'),
('RandieFullerton@gmail.com','8602563580','TP-1'),
('RandRudeforth@gmail.com','7553146371','TP-1'),
('RaniqueDrewry@gmail.com','1872098928','TP-1'),
('RaniqueMilesap@gmail.com','7751696209','TP-1'),
('RaniquePigeon@gmail.com','7489545595','TP-1'),
('RansomCrisall@gmail.com','2128164578','TP-1'),
('RansomMayell@gmail.com','5757528223','TP-1'),
('RaoulKerfut@gmail.com','8279956896','TP-1'),
('RayDukesbury@gmail.com','5371165158','TP-1'),
('RaymondExcell@gmail.com','5752199726','TP-1'),
('RedfordKnifton@gmail.com','8036015821','TP-1'),
('RedfordSicily@gmail.com','9032955053','TP-1'),
('ReesBartholin@gmail.com','4029219134','TP-1'),
('RegEplett@gmail.com','1101703202','TP-1'),
('ReggisPetrashov@gmail.com','4771705213','TP-1'),
('ReynoldBonhomme@gmail.com','5546088252','TP-1'),
('ReynoldHarg@gmail.com','9894152676','TP-1'),
('ReynoldTordoff@gmail.com','4839059731','TP-1'),
('RhodiaSavoury@gmail.com','2696992178','TP-1'),
('RhysFreckelton@gmail.com','4090616619','TP-1'),
('RhysJacquemot@gmail.com','6115238932','TP-1'),
('RhysPitcher@gmail.com','7147316319','TP-1'),
('RickertBollen@gmail.com','3979456463','TP-1'),
('RickertKivell@gmail.com','9171943524','TP-1'),
('RickertKonerding@gmail.com','5767322135','TP-1'),
('RickertSidery@gmail.com','3839254250','TP-1'),
('RickertSmales@gmail.com','1775130609','TP-1'),
('RickertWalhedd@gmail.com','6972817297','TP-1'),
('RicorikiCritchley@gmail.com','3245738415','TP-1'),
('RicorikiCrump@gmail.com','6294644168','TP-1'),
('RicorikiHalpine@gmail.com','2711358651','TP-1'),
('RicorikiKlaff@gmail.com','8118901150','TP-1'),
('RikkiMcCandie@gmail.com','6578964244','TP-1'),
('RikkiRowsel@gmail.com','3872930581','TP-1'),
('RiobardHillam@gmail.com','1611233594','TP-1'),
('RobinettaGaylard@gmail.com','6522981471','TP-1'),
('RobinettaSimkin@gmail.com','7240392260','TP-1'),
('RobMolden@gmail.com','7347098306','TP-1'),
('RodrickPeacher@gmail.com','4007997324','TP-1'),
('RolandoGwyer@gmail.com','6791287826','TP-1'),
('RolloBraysher@gmail.com','5054681224','TP-1'),
('RolloJugging@gmail.com','5034810683','TP-1'),
('RolloKivell@gmail.com','5972284402','TP-1'),
('RooseveltNudde@gmail.com','1407789628','TP-1'),
('RosePhilo@gmail.com','2379099955','TP-1'),
('RoseTathacott@gmail.com','3087382368','TP-1'),
('RosettaBurchard@gmail.com','8385807263','TP-1'),
('RoseTurpie@gmail.com','2729563111','TP-1'),
('RosmundaQuartley@gmail.com','5171820820','TP-1'),
('RowlandVidgeon@gmail.com','6375377484','TP-1'),
('RudolfRadin@gmail.com','9821266399','TP-1'),
('RudolfSheaf@gmail.com','6904919223','TP-1'),
('RudyGarrod@gmail.com','4125969219','TP-1'),
('RudyMatyja@gmail.com','5905654615','TP-1'),
('RudyPuddicombe@gmail.com','7033938606','TP-1'),
('RussAdlem@gmail.com','1824914298','TP-1'),
('RussFranklen@gmail.com','4777973368','TP-1'),
('RussJest@gmail.com','2558424789','TP-1'),
('RussLawrenz@gmail.com','8399167043','TP-1'),
('RussLicciardello@gmail.com','6343184875','TP-1'),
('RussOSheilds@gmail.com','2067483463','TP-1'),
('RustieElcombe@gmail.com','4989242359','TP-1'),
('RustyHolson@gmail.com','4280982288','TP-1'),
('RustyRisman@gmail.com','4706818752','TP-1'),
('SaleemAllsep@gmail.com','1809948653','TP-1'),
('SalemBehr@gmail.com','6342798443','TP-1'),
('SalemCommon@gmail.com','5810833776','TP-1'),
('SalemGreensides@gmail.com','2956283615','TP-1'),
('SalemStorer@gmail.com','3413257922','TP-1'),
('SamaraJanaway@gmail.com','8989959524','TP-1'),
('SampsonBennet@gmail.com','4801548171','TP-1'),
('SayerFredy@gmail.com','9524667887','TP-1'),
('SayerFrugier@gmail.com','3771542748','TP-1'),
('SayerPetlyura@gmail.com','3930111631','TP-1'),
('SelindaEllph@gmail.com','5660010681','TP-1'),
('SelindaMcCauley@gmail.com','7825023441','TP-1'),
('SergentAnthonsen@gmail.com','6496927313','TP-1'),
('SergentMalser@gmail.com','3052082333','TP-1'),
('SewardBircher@gmail.com','3761267376','TP-1'),
('ShemCostanza@gmail.com','5930423501','TP-1'),
('SherryNaughton@gmail.com','6165102784','TP-1'),
('SherryOrnillos@gmail.com','8728463493','TP-1'),
('SherrySorrie@gmail.com','4765065629','TP-1'),
('SherryThompson@gmail.com','9843847689','TP-1'),
('SibyllaJennions@gmail.com','4094224107','TP-1'),
('SidBarnfield@gmail.com','2487523549','TP-1'),
('SidneyCaseley@gmail.com','2066969100','TP-1'),
('SidneyCoudray@gmail.com','2681755812','TP-1'),
('SidneyJedrzaszkiewicz@gmail.co','8152091984','TP-1'),
('SigfriedPaulino@gmail.com','2467274608','TP-1'),
('SigismondoJacques@gmail.com','2418317652','TP-1'),
('SigmundFruchter@gmail.com','4100650147','TP-1'),
('SilvanoKantor@gmail.com','9578468158','TP-1'),
('SilvanoPoulson@gmail.com','3228461764','TP-1'),
('SkyeHalpine@gmail.com','8057109411','TP-1'),
('SkyeMapson@gmail.com','6708545631','TP-1'),
('SkyeMertsching@gmail.com','6892313932','TP-1'),
('SladeDeveril@gmail.com','7351654044','TP-1'),
('SollyDible@gmail.com','3158036343','TP-1'),
('SollyPope@gmail.com','6499281696','TP-1'),
('SollyRoussel@gmail.com','1974709706','TP-1'),
('SondraCornier@gmail.com','8173820270','TP-1'),
('SpenceGaspard@gmail.com','6522316595','TP-1'),
('SpenseShoute@gmail.com','4032252055','TP-1'),
('StanwoodGarner@gmail.com','5748749692','TP-1'),
('StanwoodGrzeszczyk@gmail.com','1199975396','TP-1'),
('StearnActon@gmail.com','7453767492','TP-1'),
('StearnClitheroe@gmail.com','8139220993','TP-1'),
('StearnCoushe@gmail.com','4000210191','TP-1'),
('StearnReuter@gmail.com','7122530138','TP-1'),
('StearnTsarovic@gmail.com','1868149509','TP-1'),
('StearnTullett@gmail.com','8694016716','TP-1'),
('StephiSimonaitis@gmail.com','2841371957','TP-1'),
('StewartBasley@gmail.com','8745298194','TP-1'),
('StewartKingswell@gmail.com','5473346480','TP-1'),
('SullyLesslie@gmail.com','6491366300','TP-1'),
('SvendDalwood@gmail.com','9441444929','TP-1'),
('SvendSaladine@gmail.com','7757654214','TP-1'),
('SydHollibone@gmail.com','8247100002','TP-1'),
('TabbCorlett@gmail.com','4096956712','TP-1'),
('TabbNelle@gmail.com','9750486263','TP-1'),
('TabbSavoury@gmail.com','1653558882','TP-1'),
('TabbyGeeve@gmail.com','2482565817','TP-1'),
('TailorLuxon@gmail.com','9769516255','TP-1'),
('TamCodeman@gmail.com','7509760535','TP-1'),
('TamFury@gmail.com','7955440260','TP-1'),
('TamLynock@gmail.com','8859188858','TP-1'),
('TannOneill@gmail.com','7124646009','TP-1'),
('TannWasiela@gmail.com','5554641958','TP-1'),
('TawnyaBrough@gmail.com','7744299699','TP-1'),
('TawnyaCargill@gmail.com','4543708619','TP-1'),
('TawnyaKingswell@gmail.com','7556241547','TP-1'),
('TawnyaKinnerk@gmail.com','5334612249','TP-1'),
('TeddyCammack@gmail.com','1578920190','TP-1'),
('TediePickerill@gmail.com','8263658495','TP-1'),
('TedmundMosdall@gmail.com','2310442468','TP-1'),
('TempleShawel@gmail.com','5784015721','TP-1'),
('TeodorEgginton@gmail.com','1665028505','TP-1'),
('TeodorJacques@gmail.com','3336913043','TP-1'),
('ThedricTordoff@gmail.com','3657280551','TP-1'),
('TiffieWyles@gmail.com','9078630218','TP-1'),
('TimofeiKelinge@gmail.com','4720960210','TP-1'),
('TimofeiMatushevich@gmail.com','7314137353','TP-1'),
('TimofeiTamburo@gmail.com','5504871568','TP-1'),
('TonySipson@gmail.com','6970099278','TP-1'),
('TrentonTroake@gmail.com','8925730418','TP-1'),
('TrentonWiddup@gmail.com','1351083008','TP-1'),
('TuckerCharlon@gmail.com','3451180018','TP-1'),
('TuckerCrump@gmail.com','7139107788','TP-1'),
('UlricIzod@gmail.com','5046107246','TP-1'),
('UlricPordal@gmail.com','1690204803','TP-1'),
('UrbainAdlem@gmail.com','4552367800','TP-1'),
('UrbainShingler@gmail.com','7721651276','TP-1'),
('ValentijnHuyche@gmail.com','5504712665','TP-1'),
('ValentijnMcKiddin@gmail.com','4998558365','TP-1'),
('ValentinMacKettrick@gmail.com','3182211377','TP-1'),
('ValeraDanjoie@gmail.com','7972066429','TP-1'),
('ValeraGrout@gmail.com','8192589448','TP-1'),
('ValeraOSheilds@gmail.com','1745604087','TP-1'),
('ValeryJansson@gmail.com','3887963053','TP-1'),
('ValeryViant@gmail.com','2920064092','TP-1'),
('VasilyRudgerd@gmail.com','3240177462','TP-1'),
('VaughanCaselli@gmail.com','1753327697','TP-1'),
('VaughanShyres@gmail.com','5256376610','TP-1'),
('VernenFarry@gmail.com','8539643617','TP-1'),
('VernenJugging@gmail.com','8039970516','TP-1'),
('VictorKelinge@gmail.com','5739217743','TP-1'),
('VikiDAlesio@gmail.com','1062996032','TP-1'),
('VikiHender@gmail.com','6772900137','TP-1'),
('VinceDalliwater@gmail.com','5101718416','TP-1'),
('VinnyArchbould@gmail.com','9100342723','TP-1'),
('VirgieStewart@gmail.com','8775203531','TP-1'),
('VirgieValente@gmail.com','4698527859','TP-1'),
('VivianneHanton@gmail.com','9464202771','TP-1'),
('VivieneDi Franceshci@gmail.com','4393606208','TP-1'),
('VonniBiddy@gmail.com','9602337989','TP-1'),
('VonniSilcocks@gmail.com','4250563155','TP-1'),
('WakeKillelay@gmail.com','7472807641','TP-1'),
('WaldoSharpling@gmail.com','7490570598','TP-1'),
('WaltonFilpo@gmail.com','8637636121','TP-1'),
('WashCarik@gmail.com','8396317007','TP-1'),
('WebBartholin@gmail.com','6662671715','TP-1'),
('WendyeBottrill@gmail.com','8147810646','TP-1'),
('WernherSmales@gmail.com','2791270144','TP-1'),
('WestbrookGaish@gmail.com','4824484558','TP-1'),
('WestbrookJuniper@gmail.com','4695063617','TP-1'),
('WilliamFurnival@gmail.com','6446194502','TP-1'),
('WilliamHuyche@gmail.com','6919018979','TP-1'),
('WinifieldSuermeiers@gmail.com','7244630558','TP-1'),
('WinstonHothersall@gmail.com','2644702778','TP-1'),
('WinthropFaughny@gmail.com','8066947094','TP-1'),
('WoodmanEusden@gmail.com','1234123906','TP-1'),
('WoodmanHubber@gmail.com','7470880584','TP-1'),
('WoodmanMaddison@gmail.com','4939609439','TP-1'),
('WoodmanMunehay@gmail.com','5514943036','TP-1'),
('YehuditFaughny@gmail.com','3536605512','TP-1'),
('YolaneOCridigan@gmail.com','5304558000','TP-1'),
('YorkMcAndie@gmail.com','7269031898','TP-1'),
('YuriMebs@gmail.com','1215115612','TP-1'),
('ZackariahBoscher@gmail.com','9328510777','TP-1'),
('ZackariahCristea@gmail.com','1000257690','TP-1'),
('ZackariahDabes@gmail.com','9545617246','TP-1'),
('ZackariahMcCandless@gmail.com','5541240833','TP-1'),
('ZackariahTyt@gmail.com','2739865183','TP-1'),
('ZebadiahAbdey@gmail.com','6170207350','TP-1'),
('ZebadiahBazeley@gmail.com','8194367318','TP-1'),
('ZechariahGenn@gmail.com','3722546706','TP-1'),
('ZorahBridgestock@gmail.com','6763393502','TP-1'),
('ZorahCrates@gmail.com','5642663718','TP-1'),
('ZorahFlecknell@gmail.com','3544797909','TP-1');
